threshold_set,slice,bin,n_gt,n_fn,fn_rate,n_pred,n_fp,fp_rate
conf0.25,cls,Cargo Truck,800,711,0.88875,377,288,0.7639257294429708
conf0.25,cls,Truck w/Box,493,371,0.7525354969574036,368,246,0.6684782608695652
conf0.25,cls,Truck w/Flatbed,122,110,0.9016393442622951,65,53,0.8153846153846154
conf0.25,cls,Truck Tractor,117,116,0.9914529914529915,26,25,0.9615384615384616
conf0.25,cls,Truck w/Liquid,20,18,0.9,8,6,0.75
conf0.25,size_bin,"[0, 8)",44,44,1.0,0,0,
conf0.25,size_bin,"[8, 16)",219,202,0.9223744292237442,41,35,0.8536585365853658
conf0.25,size_bin,"[16, 24)",426,373,0.8755868544600939,221,157,0.7104072398190046
conf0.25,size_bin,"[24, 32)",392,346,0.8826530612244898,220,175,0.7954545454545454
conf0.25,size_bin,"[32, 48)",397,315,0.7934508816120907,306,220,0.7189542483660131
conf0.25,size_bin,"[48, 96)",73,45,0.6164383561643836,56,31,0.5535714285714286
conf0.25,size_bin,"[96, inf)",1,1,1.0,0,0,
conf0.25,objects_bin,"[-inf, 31)",109,94,0.8623853211009175,72,57,0.7916666666666666
conf0.25,objects_bin,"[31, 76)",230,200,0.8695652173913043,153,123,0.803921568627451
conf0.25,objects_bin,"[76, 97)",345,311,0.9014492753623189,91,57,0.6263736263736264
conf0.25,objects_bin,"[97, inf)",868,721,0.8306451612903226,528,381,0.7215909090909091
conf0.25,brightness_bin,"[-inf, 45)",388,323,0.8324742268041238,212,147,0.6933962264150944
conf0.25,brightness_bin,"[45, 59)",388,325,0.8376288659793815,211,150,0.7109004739336493
conf0.25,brightness_bin,"[59, 82)",388,343,0.884020618556701,192,146,0.7604166666666666
conf0.25,brightness_bin,"[82, inf)",388,335,0.8634020618556701,229,175,0.7641921397379913
f1opt,cls,Cargo Truck,800,603,0.75375,1162,965,0.8304647160068847
f1opt,cls,Truck w/Box,493,343,0.6957403651115619,505,355,0.7029702970297029
f1opt,cls,Truck w/Flatbed,122,103,0.8442622950819673,111,92,0.8288288288288288
f1opt,cls,Truck Tractor,117,114,0.9743589743589743,101,98,0.9702970297029703
f1opt,cls,Truck w/Liquid,20,18,0.9,2,0,0.0
f1opt,size_bin,"[0, 8)",44,44,1.0,0,0,
f1opt,size_bin,"[8, 16)",219,180,0.821917808219178,238,210,0.8823529411764706
f1opt,size_bin,"[16, 24)",426,324,0.7605633802816901,585,473,0.8085470085470086
f1opt,size_bin,"[24, 32)",392,309,0.7882653061224489,494,408,0.8259109311740891
f1opt,size_bin,"[32, 48)",397,284,0.7153652392947103,483,367,0.7598343685300207
f1opt,size_bin,"[48, 96)",73,39,0.5342465753424658,81,52,0.6419753086419753
f1opt,size_bin,"[96, inf)",1,1,1.0,0,0,
f1opt,objects_bin,"[-inf, 31)",109,84,0.7706422018348624,190,165,0.868421052631579
f1opt,objects_bin,"[31, 76)",230,168,0.7304347826086957,389,327,0.8406169665809768
f1opt,objects_bin,"[76, 97)",345,279,0.808695652173913,210,144,0.6857142857142857
f1opt,objects_bin,"[97, inf)",868,650,0.7488479262672811,1092,874,0.8003663003663004
f1opt,brightness_bin,"[-inf, 45)",388,297,0.7654639175257731,448,355,0.7924107142857143
f1opt,brightness_bin,"[45, 59)",388,294,0.7577319587628866,415,325,0.7831325301204819
f1opt,brightness_bin,"[59, 82)",388,300,0.7731958762886598,476,388,0.8151260504201681
f1opt,brightness_bin,"[82, inf)",388,290,0.7474226804123711,542,442,0.8154981549815498
