tile,source,n_tile_boxes,n_expected,same,shifted,reclass,missing,extra
1058__x1536_y0,1058.png,31,31,31,0,0,0,0
1058__x1848_y0,1058.png,35,35,35,0,0,0,0
1058__x1536_y768,1058.png,76,76,76,0,0,0,0
1058__x1848_y768,1058.png,110,110,110,0,0,0,0
1095__x0_y0,1095.png,49,49,49,0,0,0,0
1095__x0_y768,1095.png,20,20,20,0,0,0,0
1095__x0_y1536,1095.png,3,3,3,0,0,0,0
1127__x0_y0,1127.png,103,103,103,0,0,0,0
1127__x768_y0,1127.png,263,263,263,0,0,0,0
1127__x1536_y0,1127.png,28,28,28,0,0,0,0
1127__x2304_y0,1127.png,90,90,90,0,0,0,0
1127__x2896_y0,1127.png,48,48,48,0,0,0,0
1127__x768_y768,1127.png,112,112,112,0,0,0,0
1127__x1536_y768,1127.png,20,20,20,0,0,0,0
1127__x2304_y768,1127.png,64,64,64,0,0,0,0
1127__x2304_y1993,1127.png,16,16,16,0,0,0,0
1127__x2896_y1993,1127.png,15,15,15,0,0,0,0
1175__x1536_y0,1175.png,16,16,16,0,0,0,0
1175__x1536_y1536,1175.png,42,42,42,0,0,0,0
1175__x1536_y1868,1175.png,46,46,46,0,0,0,0
1205__x1868_y1536,1205.png,22,22,22,0,0,0,0
1205__x1868_y1868,1205.png,26,26,26,0,0,0,0
1217__x0_y768,1217.png,12,12,12,0,0,0,0
1217__x1536_y1536,1217.png,3,3,3,0,0,0,0
1217__x1869_y1536,1217.png,3,3,3,0,0,0,0
1217__x1536_y1868,1217.png,11,11,11,0,0,0,0
1217__x1869_y1868,1217.png,11,11,11,0,0,0,0
1425__x0_y0,1425.png,32,32,32,0,0,0,0
1432__x0_y0,1432.png,7,7,7,0,0,0,0
1452__x768_y2124,1452.png,41,41,41,0,0,0,0
1459__x1536_y768,1459.png,25,25,25,0,0,0,0
1459__x2304_y768,1459.png,11,11,11,0,0,0,0
1459__x1536_y1536,1459.png,26,26,26,0,0,0,0
1459__x2304_y1536,1459.png,6,6,6,0,0,0,0
1824__x0_y768,1824.png,8,8,8,0,0,0,0
1840__x768_y2130,1840.png,5,5,5,0,0,0,0
1848__x0_y768,1848.png,26,26,26,0,0,0,0
1848__x0_y1536,1848.png,86,86,86,0,0,0,0
1848__x0_y1885,1848.png,69,69,69,0,0,0,0
1896__x1536_y0,1896.png,59,59,59,0,0,0,0
1896__x1918_y0,1896.png,139,139,139,0,0,0,0
1896__x1536_y768,1896.png,53,53,53,0,0,0,0
1896__x1918_y768,1896.png,178,178,178,0,0,0,0
1931__x768_y768,1931.png,39,39,39,0,0,0,0
2011__x1536_y2156,2011.png,4,4,4,0,0,0,0
2305__x2304_y0,2305.png,21,21,21,0,0,0,0
2305__x2304_y1536,2305.png,5,5,5,0,0,0,0
2305__x2572_y1536,2305.png,5,5,5,0,0,0,0
2305__x2304_y1701,2305.png,5,5,5,0,0,0,0
2305__x2572_y1701,2305.png,5,5,5,0,0,0,0
2322__x768_y0,2322.png,44,44,44,0,0,0,0
2322__x2304_y768,2322.png,10,10,10,0,0,0,0
2322__x2304_y1705,2322.png,12,12,12,0,0,0,0
2322__x2579_y1705,2322.png,17,17,17,0,0,0,0
2370__x0_y0,2370.png,70,70,70,0,0,0,0
2370__x0_y768,2370.png,22,22,22,0,0,0,0
2370__x0_y1536,2370.png,15,15,15,0,0,0,0
2370__x0_y1644,2370.png,15,15,15,0,0,0,0
2382__x768_y0,2382.png,28,28,28,0,0,0,0
2459__x0_y0,2459.png,159,159,159,0,0,0,0
2459__x1536_y0,2459.png,43,43,43,0,0,0,0
2459__x2169_y0,2459.png,136,136,136,0,0,0,0
2459__x1536_y768,2459.png,33,33,33,0,0,0,0
2459__x2169_y768,2459.png,125,125,125,0,0,0,0
2499__x768_y1536,2499.png,19,19,19,0,0,0,0
252__x3175_y1536,252.png,13,13,13,0,0,0,0
252__x3175_y2300,252.png,35,35,35,0,0,0,0
254__x0_y2301,254.png,35,35,35,0,0,0,0
2599__x1536_y0,2599.png,38,38,38,0,0,0,0
2618__x2069_y1536,2618.png,17,17,17,0,0,0,0
2618__x2069_y1907,2618.png,28,28,28,0,0,0,0
418__x0_y0,418.png,31,31,31,0,0,0,0
418__x768_y0,418.png,32,32,32,0,0,0,0
418__x1536_y0,418.png,12,12,12,0,0,0,0
418__x768_y768,418.png,23,23,23,0,0,0,0
418__x1536_y768,418.png,21,21,21,0,0,0,0
594__x0_y0,594.png,9,9,9,0,0,0,0
73__x0_y1536,73.png,11,11,11,0,0,0,0
73__x0_y1689,73.png,11,11,11,0,0,0,0
772__x0_y768,772.png,7,7,7,0,0,0,0
774__x0_y1536,774.png,8,8,8,0,0,0,0
774__x0_y1654,774.png,8,8,8,0,0,0,0
903__x2267_y768,903.png,39,39,39,0,0,0,0
903__x2267_y1536,903.png,13,13,13,0,0,0,0
903__x2267_y2193,903.png,9,9,9,0,0,0,0
