fix,n_errors,mAP50,dAP50,AP50 Cargo Truck,AP50 Truck w/Box,AP50 Truck w/Flatbed,AP50 Truck Tractor,AP50 Truck w/Liquid
none (base),0,0.05621985358530125,0.0,0.08140657012184087,0.13239094210013497,0.03202878555646491,0.003710393314899316,0.03156257683316617
cls,630,0.17461106325610118,0.11839120967079993,0.16724618123095875,0.2220063684719525,0.0930523689142132,0.07679775559792341,0.313952642065458
loc,238,0.06675825772398769,0.010538404138686439,0.0974456745834157,0.1578078566579967,0.03978073763917405,0.007194442906185803,0.03156257683316617
both,259,0.05779508747733366,0.0015752338920324085,0.08228296723230531,0.13577306295998912,0.03366940154418358,0.0038531245977890317,0.03339688105240132
dupe,3,0.0562475946848626,2.7741099561350013e-05,0.08154527561964765,0.13239094210013497,0.03202878555646491,0.003710393314899316,0.03156257683316617
bkg,7169,0.12211474585728122,0.06589489227197996,0.24846415896526355,0.21917122527075358,0.08455309263787945,0.013437900534464513,0.044947351878044946
missed,660,0.09205769821967882,0.03583784463437757,0.1375856365332722,0.20572743278653705,0.06054996809022559,0.010556980360931967,0.045868473327427335
all FP,8299,0.5425742574257426,0.4863544038404414,0.5841584158415841,0.6237623762376238,0.5247524752475248,0.32673267326732675,0.6534653465346535
all FN,660,0.09205769821967882,0.03583784463437757,0.1375856365332722,0.20572743278653705,0.06054996809022559,0.010556980360931967,0.045868473327427335
