subset,class_name,boxes,images,share_of_pool_boxes,share_of_subset_boxes
full403,Cargo Truck,3452,330,1.0,0.5017441860465116
full403,Truck Tractor,590,117,1.0,0.08575581395348837
full403,Truck w/Box,2069,238,1.0,0.3007267441860465
full403,Truck w/Flatbed,606,178,1.0,0.08808139534883722
full403,Truck w/Liquid,163,90,1.0,0.023691860465116277
random50,Cargo Truck,1758,168,0.5092699884125145,0.552482715273413
random50,Truck Tractor,205,54,0.3474576271186441,0.06442489000628536
random50,Truck w/Box,848,116,0.40985983566940554,0.2664990571967316
random50,Truck w/Flatbed,285,93,0.47029702970297027,0.08956631049654305
random50,Truck w/Liquid,86,45,0.5276073619631901,0.02702702702702703
smart50,Cargo Truck,1883,165,0.5454808806488992,0.4471621942531465
smart50,Truck Tractor,438,63,0.7423728813559322,0.10401329850391831
smart50,Truck w/Box,1354,111,0.6544224262928952,0.32153882688197577
smart50,Truck w/Flatbed,421,91,0.6947194719471947,0.09997625267157445
smart50,Truck w/Liquid,115,49,0.7055214723926381,0.027309427689384946
random75,Cargo Truck,2599,250,0.7528968713789108,0.536761668731929
random75,Truck Tractor,290,85,0.4915254237288136,0.05989260636100785
random75,Truck w/Box,1457,177,0.7042049299178347,0.30090871540685665
random75,Truck w/Flatbed,371,129,0.6122112211221122,0.07662123089632383
random75,Truck w/Liquid,125,67,0.7668711656441718,0.02581577860388269
smart75,Cargo Truck,2870,250,0.8314020857473928,0.476585851876453
smart75,Truck Tractor,559,97,0.9474576271186441,0.09282630355363666
smart75,Truck w/Box,1888,178,0.9125181246979217,0.31351710395217536
smart75,Truck w/Flatbed,550,142,0.9075907590759076,0.0913317834606443
smart75,Truck w/Liquid,155,82,0.950920245398773,0.025738957157090667
