split,image,ours_w,ours_h,xview_w,xview_h,identical,mae,max_abs,share_equal,brightness_diff,contrast_ratio,blur_ratio,noise_ratio,shift_r,shift_g,shift_b,gamma,rb_swap_lowers_mae,rescaled,mae_if_xview_resized_nearest,mae_if_xview_resized_bilinear,mae_if_xview_resized_bicubic,mae_if_xview_resized_area,mae_if_xview_resized_lanczos,best_resize_method,after_best_resize_identical,after_best_resize_mae,after_best_resize_max_abs,after_best_resize_share_equal,after_best_resize_brightness_diff,after_best_resize_contrast_ratio,after_best_resize_blur_ratio,after_best_resize_noise_ratio,after_best_resize_shift_r,after_best_resize_shift_g,after_best_resize_shift_b,after_best_resize_gamma,after_best_resize_rb_swap_lowers_mae
train,102.png,3378,2713,3378,2713,True,0.0,0,1.0,0.0,1.0,1.0,1.0,0.0,0.0,0.0,1.0,False,False,,,,,,,,,,,,,,,,,,,
holdout40,1036.png,3195,3215,3195,3215,True,0.0,0,1.0,0.0,1.0,1.0,1.0,0.0,0.0,0.0,1.0000000000000089,False,False,,,,,,,,,,,,,,,,,,,
holdout40,1037.png,3195,3216,3195,3216,True,0.0,0,1.0,0.0,1.0,1.0,1.0,0.0,0.0,0.0,0.9999999999999939,False,False,,,,,,,,,,,,,,,,,,,
train,104.png,3377,2713,3377,2713,True,0.0,0,1.0,0.0,1.0,1.0,1.0,0.0,0.0,0.0,1.0000000000000022,False,False,,,,,,,,,,,,,,,,,,,
holdout40,1042.png,3194,3216,3194,3216,True,0.0,0,1.0,0.0,1.0,1.0,1.0,0.0,0.0,0.0,1.0000000000000016,False,False,,,,,,,,,,,,,,,,,,,
train,1044.png,3195,3215,3195,3215,True,0.0,0,1.0,0.0,1.0,1.0,1.0,0.0,0.0,0.0,0.9999999999999993,False,False,,,,,,,,,,,,,,,,,,,
train,105.png,3378,2714,3378,2714,True,0.0,0,1.0,0.0,1.0,1.0,1.0,0.0,0.0,0.0,1.0000000000000018,False,False,,,,,,,,,,,,,,,,,,,
train,1050.png,3195,3215,3195,3215,True,0.0,0,1.0,0.0,1.0,1.0,1.0,0.0,0.0,0.0,0.9999999999999969,False,False,,,,,,,,,,,,,,,,,,,
train,1051.png,3195,3216,3195,3216,True,0.0,0,1.0,0.0,1.0,1.0,1.0,0.0,0.0,0.0,1.0000000000000036,False,False,,,,,,,,,,,,,,,,,,,
train,1053.png,3195,3215,3195,3215,True,0.0,0,1.0,0.0,1.0,1.0,1.0,0.0,0.0,0.0,0.999999999999995,False,False,,,,,,,,,,,,,,,,,,,
train,1056.png,3194,3215,3194,3215,True,0.0,0,1.0,0.0,1.0,1.0,1.0,0.0,0.0,0.0,1.0000000000000002,False,False,,,,,,,,,,,,,,,,,,,
train,1058.png,2872,2671,2872,2671,True,0.0,0,1.0,0.0,1.0,1.0,1.0,0.0,0.0,0.0,0.9999999999999997,False,False,,,,,,,,,,,,,,,,,,,
train,1061.png,3175,2802,3175,2802,True,0.0,0,1.0,0.0,1.0,1.0,1.0,0.0,0.0,0.0,1.0000000000000016,False,False,,,,,,,,,,,,,,,,,,,
train,1065.png,3176,2802,3176,2802,True,0.0,0,1.0,0.0,1.0,1.0,1.0,0.0,0.0,0.0,1.000000000000001,False,False,,,,,,,,,,,,,,,,,,,
holdout40,1067.png,3195,3215,3195,3215,True,0.0,0,1.0,0.0,1.0,1.0,1.0,0.0,0.0,0.0,1.0,False,False,,,,,,,,,,,,,,,,,,,
train,1068.png,3195,3216,3195,3216,True,0.0,0,1.0,0.0,1.0,1.0,1.0,0.0,0.0,0.0,0.9999999999999966,False,False,,,,,,,,,,,,,,,,,,,
train,107.png,3094,2607,3094,2607,True,0.0,0,1.0,0.0,1.0,1.0,1.0,0.0,0.0,0.0,1.0000000000000022,False,False,,,,,,,,,,,,,,,,,,,
train,1080.png,3175,2801,3175,2801,True,0.0,0,1.0,0.0,1.0,1.0,1.0,0.0,0.0,0.0,1.0000000000000002,False,False,,,,,,,,,,,,,,,,,,,
train,1081.png,3922,3020,3922,3020,True,0.0,0,1.0,0.0,1.0,1.0,1.0,0.0,0.0,0.0,1.0000000000000047,False,False,,,,,,,,,,,,,,,,,,,
train,1084.png,3921,3019,3921,3019,True,0.0,0,1.0,0.0,1.0,1.0,1.0,0.0,0.0,0.0,1.0000000000000022,False,False,,,,,,,,,,,,,,,,,,,
train,1086.png,3195,3216,3195,3216,True,0.0,0,1.0,0.0,1.0,1.0,1.0,0.0,0.0,0.0,0.9999999999999963,False,False,,,,,,,,,,,,,,,,,,,
train,1089.png,3195,3216,3195,3216,True,0.0,0,1.0,0.0,1.0,1.0,1.0,0.0,0.0,0.0,1.000000000000003,False,False,,,,,,,,,,,,,,,,,,,
holdout40,109.png,3094,2606,3094,2606,True,0.0,0,1.0,0.0,1.0,1.0,1.0,0.0,0.0,0.0,1.0000000000000047,False,False,,,,,,,,,,,,,,,,,,,
train,1090.png,3195,3215,3195,3215,True,0.0,0,1.0,0.0,1.0,1.0,1.0,0.0,0.0,0.0,0.9999999999999989,False,False,,,,,,,,,,,,,,,,,,,
train,1094.png,3195,3215,3195,3215,True,0.0,0,1.0,0.0,1.0,1.0,1.0,0.0,0.0,0.0,1.0000000000000002,False,False,,,,,,,,,,,,,,,,,,,
train,1095.png,3195,3216,3195,3216,True,0.0,0,1.0,0.0,1.0,1.0,1.0,0.0,0.0,0.0,0.9999999999999981,False,False,,,,,,,,,,,,,,,,,,,
train,110.png,3094,2606,3094,2606,True,0.0,0,1.0,0.0,1.0,1.0,1.0,0.0,0.0,0.0,0.9999999999999986,False,False,,,,,,,,,,,,,,,,,,,
train,1104.png,3195,3215,3195,3215,True,0.0,0,1.0,0.0,1.0,1.0,1.0,0.0,0.0,0.0,1.0000000000000024,False,False,,,,,,,,,,,,,,,,,,,
train,1106.png,3175,2801,3175,2801,True,0.0,0,1.0,0.0,1.0,1.0,1.0,0.0,0.0,0.0,0.9999999999999952,False,False,,,,,,,,,,,,,,,,,,,
train,1114.png,3920,3017,3920,3017,True,0.0,0,1.0,0.0,1.0,1.0,1.0,0.0,0.0,0.0,1.0000000000000007,False,False,,,,,,,,,,,,,,,,,,,
train,1118.png,3195,3216,3195,3216,True,0.0,0,1.0,0.0,1.0,1.0,1.0,0.0,0.0,0.0,0.9999999999999952,False,False,,,,,,,,,,,,,,,,,,,
holdout40,112.png,3331,3275,3331,3275,True,0.0,0,1.0,0.0,1.0,1.0,1.0,0.0,0.0,0.0,1.0000000000000078,False,False,,,,,,,,,,,,,,,,,,,
train,1120.png,3194,3215,3194,3215,True,0.0,0,1.0,0.0,1.0,1.0,1.0,0.0,0.0,0.0,1.0000000000000058,False,False,,,,,,,,,,,,,,,,,,,
train,1121.png,3923,3020,3923,3020,True,0.0,0,1.0,0.0,1.0,1.0,1.0,0.0,0.0,0.0,0.9999999999999976,False,False,,,,,,,,,,,,,,,,,,,
train,1124.png,3921,3018,3921,3018,True,0.0,0,1.0,0.0,1.0,1.0,1.0,0.0,0.0,0.0,0.999999999999992,False,False,,,,,,,,,,,,,,,,,,,
train,1126.png,3920,3017,3920,3017,True,0.0,0,1.0,0.0,1.0,1.0,1.0,0.0,0.0,0.0,0.9999999999999992,False,False,,,,,,,,,,,,,,,,,,,
train,1127.png,3920,3017,3920,3017,True,0.0,0,1.0,0.0,1.0,1.0,1.0,0.0,0.0,0.0,0.9999999999999962,False,False,,,,,,,,,,,,,,,,,,,
train,1129.png,3923,3019,3923,3019,True,0.0,0,1.0,0.0,1.0,1.0,1.0,0.0,0.0,0.0,0.9999999999999999,False,False,,,,,,,,,,,,,,,,,,,
holdout40,1133.png,3922,3018,3922,3018,True,0.0,0,1.0,0.0,1.0,1.0,1.0,0.0,0.0,0.0,1.0000000000000029,False,False,,,,,,,,,,,,,,,,,,,
train,1140.png,3309,3204,3309,3204,True,0.0,0,1.0,0.0,1.0,1.0,1.0,0.0,0.0,0.0,1.000000000000005,False,False,,,,,,,,,,,,,,,,,,,
train,1141.png,3308,3204,3308,3204,True,0.0,0,1.0,0.0,1.0,1.0,1.0,0.0,0.0,0.0,1.0000000000000082,False,False,,,,,,,,,,,,,,,,,,,
train,1142.png,3308,3204,3308,3204,True,0.0,0,1.0,0.0,1.0,1.0,1.0,0.0,0.0,0.0,1.0000000000000016,False,False,,,,,,,,,,,,,,,,,,,
train,1154.png,2892,2891,2892,2891,True,0.0,0,1.0,0.0,1.0,1.0,1.0,0.0,0.0,0.0,0.9999999999999969,False,False,,,,,,,,,,,,,,,,,,,
train,1158.png,2833,2728,2833,2728,True,0.0,0,1.0,0.0,1.0,1.0,1.0,0.0,0.0,0.0,0.9999999999999987,False,False,,,,,,,,,,,,,,,,,,,
train,1164.png,2893,2891,2893,2891,True,0.0,0,1.0,0.0,1.0,1.0,1.0,0.0,0.0,0.0,1.0000000000000009,False,False,,,,,,,,,,,,,,,,,,,
train,1165.png,2893,2891,2893,2891,True,0.0,0,1.0,0.0,1.0,1.0,1.0,0.0,0.0,0.0,1.0000000000000027,False,False,,,,,,,,,,,,,,,,,,,
train,1169.png,2893,2891,2893,2891,True,0.0,0,1.0,0.0,1.0,1.0,1.0,0.0,0.0,0.0,1.0000000000000018,False,False,,,,,,,,,,,,,,,,,,,
train,1175.png,2893,2892,2893,2892,True,0.0,0,1.0,0.0,1.0,1.0,1.0,0.0,0.0,0.0,1.000000000000001,False,False,,,,,,,,,,,,,,,,,,,
train,1178.png,2860,2728,2860,2728,True,0.0,0,1.0,0.0,1.0,1.0,1.0,0.0,0.0,0.0,0.9999999999999988,False,False,,,,,,,,,,,,,,,,,,,
train,118.png,2872,2726,2872,2726,True,0.0,0,1.0,0.0,1.0,1.0,1.0,0.0,0.0,0.0,1.0,False,False,,,,,,,,,,,,,,,,,,,
train,1182.png,2859,2728,2859,2728,True,0.0,0,1.0,0.0,1.0,1.0,1.0,0.0,0.0,0.0,1.000000000000001,False,False,,,,,,,,,,,,,,,,,,,
train,1184.png,2859,2728,2859,2728,True,0.0,0,1.0,0.0,1.0,1.0,1.0,0.0,0.0,0.0,0.999999999999996,False,False,,,,,,,,,,,,,,,,,,,
train,1185.png,2860,2727,2860,2727,True,0.0,0,1.0,0.0,1.0,1.0,1.0,0.0,0.0,0.0,1.0000000000000002,False,False,,,,,,,,,,,,,,,,,,,
train,1192.png,2893,2891,2893,2891,True,0.0,0,1.0,0.0,1.0,1.0,1.0,0.0,0.0,0.0,1.0000000000000038,False,False,,,,,,,,,,,,,,,,,,,
holdout40,1193.png,2860,2728,2860,2728,True,0.0,0,1.0,0.0,1.0,1.0,1.0,0.0,0.0,0.0,1.0000000000000038,False,False,,,,,,,,,,,,,,,,,,,
train,1196.png,2860,2727,2860,2727,True,0.0,0,1.0,0.0,1.0,1.0,1.0,0.0,0.0,0.0,0.9999999999999964,False,False,,,,,,,,,,,,,,,,,,,
train,1197.png,2859,2728,2859,2728,True,0.0,0,1.0,0.0,1.0,1.0,1.0,0.0,0.0,0.0,0.9999999999999992,False,False,,,,,,,,,,,,,,,,,,,
train,1205.png,2892,2892,2892,2892,True,0.0,0,1.0,0.0,1.0,1.0,1.0,0.0,0.0,0.0,1.000000000000001,False,False,,,,,,,,,,,,,,,,,,,
train,1212.png,2893,2891,2893,2891,True,0.0,0,1.0,0.0,1.0,1.0,1.0,0.0,0.0,0.0,1.000000000000001,False,False,,,,,,,,,,,,,,,,,,,
train,1217.png,2893,2892,2893,2892,True,0.0,0,1.0,0.0,1.0,1.0,1.0,0.0,0.0,0.0,1.0000000000000013,False,False,,,,,,,,,,,,,,,,,,,
train,1224.png,2859,2727,2859,2727,True,0.0,0,1.0,0.0,1.0,1.0,1.0,0.0,0.0,0.0,1.000000000000001,False,False,,,,,,,,,,,,,,,,,,,
holdout40,1233.png,2860,2728,2860,2728,True,0.0,0,1.0,0.0,1.0,1.0,1.0,0.0,0.0,0.0,1.000000000000001,False,False,,,,,,,,,,,,,,,,,,,
train,1244.png,3291,3058,3291,3058,True,0.0,0,1.0,0.0,1.0,1.0,1.0,0.0,0.0,0.0,1.0000000000000029,False,False,,,,,,,,,,,,,,,,,,,
train,1253.png,2861,2727,2861,2727,True,0.0,0,1.0,0.0,1.0,1.0,1.0,0.0,0.0,0.0,0.9999999999999964,False,False,,,,,,,,,,,,,,,,,,,
train,1255.png,2860,2727,2860,2727,True,0.0,0,1.0,0.0,1.0,1.0,1.0,0.0,0.0,0.0,0.9999999999999996,False,False,,,,,,,,,,,,,,,,,,,
train,1256.png,2861,2727,2861,2727,True,0.0,0,1.0,0.0,1.0,1.0,1.0,0.0,0.0,0.0,0.9999999999999983,False,False,,,,,,,,,,,,,,,,,,,
train,126.png,3094,2607,3094,2607,True,0.0,0,1.0,0.0,1.0,1.0,1.0,0.0,0.0,0.0,0.9999999999999996,False,False,,,,,,,,,,,,,,,,,,,
holdout40,1268.png,3291,3058,3291,3058,True,0.0,0,1.0,0.0,1.0,1.0,1.0,0.0,0.0,0.0,0.9999999999999978,False,False,,,,,,,,,,,,,,,,,,,
train,128.png,3093,2606,3093,2606,True,0.0,0,1.0,0.0,1.0,1.0,1.0,0.0,0.0,0.0,0.9999999999999936,False,False,,,,,,,,,,,,,,,,,,,
train,1284.png,3291,3057,3291,3057,True,0.0,0,1.0,0.0,1.0,1.0,1.0,0.0,0.0,0.0,0.9999999999999936,False,False,,,,,,,,,,,,,,,,,,,
train,1285.png,3291,3058,3291,3058,True,0.0,0,1.0,0.0,1.0,1.0,1.0,0.0,0.0,0.0,0.999999999999993,False,False,,,,,,,,,,,,,,,,,,,
train,130.png,3332,3276,3332,3276,True,0.0,0,1.0,0.0,1.0,1.0,1.0,0.0,0.0,0.0,0.9999999999999944,False,False,,,,,,,,,,,,,,,,,,,
train,131.png,3331,3275,3331,3275,True,0.0,0,1.0,0.0,1.0,1.0,1.0,0.0,0.0,0.0,0.9999999999999979,False,False,,,,,,,,,,,,,,,,,,,
train,1329.png,3708,2883,3708,2883,True,0.0,0,1.0,0.0,1.0,1.0,1.0,0.0,0.0,0.0,1.0000000000000013,False,False,,,,,,,,,,,,,,,,,,,
train,1346.png,3291,3056,3291,3056,True,0.0,0,1.0,0.0,1.0,1.0,1.0,0.0,0.0,0.0,0.9999999999999969,False,False,,,,,,,,,,,,,,,,,,,
train,1357.png,3294,3058,3294,3058,True,0.0,0,1.0,0.0,1.0,1.0,1.0,0.0,0.0,0.0,1.0000000000000036,False,False,,,,,,,,,,,,,,,,,,,
train,136.png,2872,2726,2872,2726,True,0.0,0,1.0,0.0,1.0,1.0,1.0,0.0,0.0,0.0,0.9999999999999969,False,False,,,,,,,,,,,,,,,,,,,
train,1378.png,3294,3059,3294,3059,True,0.0,0,1.0,0.0,1.0,1.0,1.0,0.0,0.0,0.0,1.000000000000002,False,False,,,,,,,,,,,,,,,,,,,
train,1385.png,3697,3048,3697,3048,True,0.0,0,1.0,0.0,1.0,1.0,1.0,0.0,0.0,0.0,1.0000000000000029,False,False,,,,,,,,,,,,,,,,,,,
train,1397.png,3294,3058,3294,3058,True,0.0,0,1.0,0.0,1.0,1.0,1.0,0.0,0.0,0.0,1.000000000000003,False,False,,,,,,,,,,,,,,,,,,,
train,140.png,4193,3324,4193,3324,True,0.0,0,1.0,0.0,1.0,1.0,1.0,0.0,0.0,0.0,1.000000000000003,False,False,,,,,,,,,,,,,,,,,,,
train,1403.png,3697,3048,3697,3048,True,0.0,0,1.0,0.0,1.0,1.0,1.0,0.0,0.0,0.0,0.9999999999999963,False,False,,,,,,,,,,,,,,,,,,,
holdout40,1405.png,3696,3048,3696,3048,True,0.0,0,1.0,0.0,1.0,1.0,1.0,0.0,0.0,0.0,0.9999999999999903,False,False,,,,,,,,,,,,,,,,,,,
train,1406.png,3697,3049,3697,3049,True,0.0,0,1.0,0.0,1.0,1.0,1.0,0.0,0.0,0.0,0.999999999999993,False,False,,,,,,,,,,,,,,,,,,,
train,1416.png,3294,3059,3294,3059,True,0.0,0,1.0,0.0,1.0,1.0,1.0,0.0,0.0,0.0,0.9999999999999926,False,False,,,,,,,,,,,,,,,,,,,
train,1418.png,3294,3059,3294,3059,True,0.0,0,1.0,0.0,1.0,1.0,1.0,0.0,0.0,0.0,1.0000000000000029,False,False,,,,,,,,,,,,,,,,,,,
train,142.png,3376,2711,3376,2711,True,0.0,0,1.0,0.0,1.0,1.0,1.0,0.0,0.0,0.0,0.9999999999999971,False,False,,,,,,,,,,,,,,,,,,,
train,1420.png,3294,3059,3294,3059,True,0.0,0,1.0,0.0,1.0,1.0,1.0,0.0,0.0,0.0,1.0000000000000002,False,False,,,,,,,,,,,,,,,,,,,
train,1422.png,3293,3058,3293,3058,True,0.0,0,1.0,0.0,1.0,1.0,1.0,0.0,0.0,0.0,0.9999999999999999,False,False,,,,,,,,,,,,,,,,,,,
train,1425.png,3913,3151,3913,3151,True,0.0,0,1.0,0.0,1.0,1.0,1.0,0.0,0.0,0.0,0.9999999999999986,False,False,,,,,,,,,,,,,,,,,,,
train,1430.png,3294,3058,3294,3058,True,0.0,0,1.0,0.0,1.0,1.0,1.0,0.0,0.0,0.0,0.9999999999999984,False,False,,,,,,,,,,,,,,,,,,,
train,1432.png,3914,3152,3914,3152,True,0.0,0,1.0,0.0,1.0,1.0,1.0,0.0,0.0,0.0,0.9999999999999959,False,False,,,,,,,,,,,,,,,,,,,
train,1438.png,2957,2814,2957,2814,True,0.0,0,1.0,0.0,1.0,1.0,1.0,0.0,0.0,0.0,0.999999999999998,False,False,,,,,,,,,,,,,,,,,,,
train,144.png,3094,2606,3094,2606,True,0.0,0,1.0,0.0,1.0,1.0,1.0,0.0,0.0,0.0,1.0000000000000036,False,False,,,,,,,,,,,,,,,,,,,
train,1441.png,2957,2813,2957,2813,True,0.0,0,1.0,0.0,1.0,1.0,1.0,0.0,0.0,0.0,0.9999999999999951,False,False,,,,,,,,,,,,,,,,,,,
train,1442.png,2957,2813,2957,2813,True,0.0,0,1.0,0.0,1.0,1.0,1.0,0.0,0.0,0.0,1.0000000000000013,False,False,,,,,,,,,,,,,,,,,,,
train,1444.png,3912,3148,3912,3148,True,0.0,0,1.0,0.0,1.0,1.0,1.0,0.0,0.0,0.0,0.9999999999999984,False,False,,,,,,,,,,,,,,,,,,,
train,1445.png,3913,3149,3913,3149,True,0.0,0,1.0,0.0,1.0,1.0,1.0,0.0,0.0,0.0,1.0000000000000058,False,False,,,,,,,,,,,,,,,,,,,
train,1446.png,2957,2814,2957,2814,True,0.0,0,1.0,0.0,1.0,1.0,1.0,0.0,0.0,0.0,1.000000000000004,False,False,,,,,,,,,,,,,,,,,,,
train,1449.png,3069,2810,3069,2810,True,0.0,0,1.0,0.0,1.0,1.0,1.0,0.0,0.0,0.0,1.0000000000000022,False,False,,,,,,,,,,,,,,,,,,,
train,1451.png,3069,2811,3069,2811,True,0.0,0,1.0,0.0,1.0,1.0,1.0,0.0,0.0,0.0,1.0000000000000024,False,False,,,,,,,,,,,,,,,,,,,
train,1452.png,3913,3148,3913,3148,True,0.0,0,1.0,0.0,1.0,1.0,1.0,0.0,0.0,0.0,0.9999999999999937,False,False,,,,,,,,,,,,,,,,,,,
train,1454.png,2957,2814,2957,2814,True,0.0,0,1.0,0.0,1.0,1.0,1.0,0.0,0.0,0.0,1.0000000000000009,False,False,,,,,,,,,,,,,,,,,,,
train,1459.png,3913,3148,3913,3148,True,0.0,0,1.0,0.0,1.0,1.0,1.0,0.0,0.0,0.0,1.0000000000000056,False,False,,,,,,,,,,,,,,,,,,,
train,1460.png,3069,2811,3069,2811,True,0.0,0,1.0,0.0,1.0,1.0,1.0,0.0,0.0,0.0,0.999999999999999,False,False,,,,,,,,,,,,,,,,,,,
train,1462.png,3069,2810,3069,2810,True,0.0,0,1.0,0.0,1.0,1.0,1.0,0.0,0.0,0.0,1.0000000000000004,False,False,,,,,,,,,,,,,,,,,,,
holdout40,1465.png,3914,3148,3914,3148,True,0.0,0,1.0,0.0,1.0,1.0,1.0,0.0,0.0,0.0,0.9999999999999972,False,False,,,,,,,,,,,,,,,,,,,
train,1466.png,3070,2811,3070,2811,True,0.0,0,1.0,0.0,1.0,1.0,1.0,0.0,0.0,0.0,0.9999999999999984,False,False,,,,,,,,,,,,,,,,,,,
train,1468.png,3070,2810,3070,2810,True,0.0,0,1.0,0.0,1.0,1.0,1.0,0.0,0.0,0.0,0.9999999999999977,False,False,,,,,,,,,,,,,,,,,,,
train,1472.png,3915,3149,3915,3149,True,0.0,0,1.0,0.0,1.0,1.0,1.0,0.0,0.0,0.0,1.0000000000000033,False,False,,,,,,,,,,,,,,,,,,,
train,1473.png,3070,2811,3070,2811,True,0.0,0,1.0,0.0,1.0,1.0,1.0,0.0,0.0,0.0,0.9999999999999971,False,False,,,,,,,,,,,,,,,,,,,
train,1478.png,3281,3217,3281,3217,True,0.0,0,1.0,0.0,1.0,1.0,1.0,0.0,0.0,0.0,0.9999999999999958,False,False,,,,,,,,,,,,,,,,,,,
train,1482.png,3281,3216,3281,3216,True,0.0,0,1.0,0.0,1.0,1.0,1.0,0.0,0.0,0.0,0.9999999999999963,False,False,,,,,,,,,,,,,,,,,,,
train,1486.png,3281,3217,3281,3217,True,0.0,0,1.0,0.0,1.0,1.0,1.0,0.0,0.0,0.0,1.000000000000006,False,False,,,,,,,,,,,,,,,,,,,
train,1496.png,3238,3219,3238,3219,True,0.0,0,1.0,0.0,1.0,1.0,1.0,0.0,0.0,0.0,0.9999999999999968,False,False,,,,,,,,,,,,,,,,,,,
train,1505.png,3238,3219,3238,3219,True,0.0,0,1.0,0.0,1.0,1.0,1.0,0.0,0.0,0.0,0.9999999999999998,False,False,,,,,,,,,,,,,,,,,,,
train,1511.png,3237,3219,3237,3219,True,0.0,0,1.0,0.0,1.0,1.0,1.0,0.0,0.0,0.0,1.0000000000000036,False,False,,,,,,,,,,,,,,,,,,,
train,1523.png,3237,3219,3237,3219,True,0.0,0,1.0,0.0,1.0,1.0,1.0,0.0,0.0,0.0,0.999999999999998,False,False,,,,,,,,,,,,,,,,,,,
train,1529.png,3238,3219,3238,3219,True,0.0,0,1.0,0.0,1.0,1.0,1.0,0.0,0.0,0.0,1.0000000000000013,False,False,,,,,,,,,,,,,,,,,,,
holdout40,1565.png,2960,2814,2960,2814,True,0.0,0,1.0,0.0,1.0,1.0,1.0,0.0,0.0,0.0,1.0000000000000067,False,False,,,,,,,,,,,,,,,,,,,
train,1568.png,2960,2813,2960,2813,True,0.0,0,1.0,0.0,1.0,1.0,1.0,0.0,0.0,0.0,1.0000000000000018,False,False,,,,,,,,,,,,,,,,,,,
train,157.png,3331,3275,3331,3275,True,0.0,0,1.0,0.0,1.0,1.0,1.0,0.0,0.0,0.0,0.9999999999999971,False,False,,,,,,,,,,,,,,,,,,,
train,1580.png,3267,2851,3267,2851,True,0.0,0,1.0,0.0,1.0,1.0,1.0,0.0,0.0,0.0,0.9999999999999988,False,False,,,,,,,,,,,,,,,,,,,
holdout40,1584.png,2960,2814,2960,2814,True,0.0,0,1.0,0.0,1.0,1.0,1.0,0.0,0.0,0.0,0.9999999999999991,False,False,,,,,,,,,,,,,,,,,,,
train,1585.png,2960,2814,2960,2814,True,0.0,0,1.0,0.0,1.0,1.0,1.0,0.0,0.0,0.0,0.9999999999999968,False,False,,,,,,,,,,,,,,,,,,,
train,1586.png,2960,2814,2960,2814,True,0.0,0,1.0,0.0,1.0,1.0,1.0,0.0,0.0,0.0,0.9999999999999969,False,False,,,,,,,,,,,,,,,,,,,
train,1587.png,2960,2814,2960,2814,True,0.0,0,1.0,0.0,1.0,1.0,1.0,0.0,0.0,0.0,0.9999999999999959,False,False,,,,,,,,,,,,,,,,,,,
train,1590.png,2960,2814,2960,2814,True,0.0,0,1.0,0.0,1.0,1.0,1.0,0.0,0.0,0.0,0.9999999999999982,False,False,,,,,,,,,,,,,,,,,,,
train,1593.png,2959,2814,2959,2814,True,0.0,0,1.0,0.0,1.0,1.0,1.0,0.0,0.0,0.0,1.0000000000000004,False,False,,,,,,,,,,,,,,,,,,,
train,1600.png,3267,2850,3267,2850,True,0.0,0,1.0,0.0,1.0,1.0,1.0,0.0,0.0,0.0,1.000000000000004,False,False,,,,,,,,,,,,,,,,,,,
train,1606.png,2961,2814,2961,2814,True,0.0,0,1.0,0.0,1.0,1.0,1.0,0.0,0.0,0.0,1.000000000000007,False,False,,,,,,,,,,,,,,,,,,,
train,1608.png,2960,2814,2960,2814,True,0.0,0,1.0,0.0,1.0,1.0,1.0,0.0,0.0,0.0,1.0000000000000024,False,False,,,,,,,,,,,,,,,,,,,
train,1610.png,2960,2814,2960,2814,True,0.0,0,1.0,0.0,1.0,1.0,1.0,0.0,0.0,0.0,0.999999999999999,False,False,,,,,,,,,,,,,,,,,,,
train,1673.png,3227,3223,3227,3223,True,0.0,0,1.0,0.0,1.0,1.0,1.0,0.0,0.0,0.0,1.000000000000004,False,False,,,,,,,,,,,,,,,,,,,
train,1675.png,3228,3222,3228,3222,True,0.0,0,1.0,0.0,1.0,1.0,1.0,0.0,0.0,0.0,1.0000000000000002,False,False,,,,,,,,,,,,,,,,,,,
train,1677.png,3227,3222,3227,3222,True,0.0,0,1.0,0.0,1.0,1.0,1.0,0.0,0.0,0.0,0.9999999999999988,False,False,,,,,,,,,,,,,,,,,,,
train,1679.png,3228,3222,3228,3222,True,0.0,0,1.0,0.0,1.0,1.0,1.0,0.0,0.0,0.0,1.0000000000000007,False,False,,,,,,,,,,,,,,,,,,,
train,1690.png,3175,2626,3175,2626,True,0.0,0,1.0,0.0,1.0,1.0,1.0,0.0,0.0,0.0,1.000000000000006,False,False,,,,,,,,,,,,,,,,,,,
train,1692.png,3175,2626,3175,2626,True,0.0,0,1.0,0.0,1.0,1.0,1.0,0.0,0.0,0.0,1.000000000000001,False,False,,,,,,,,,,,,,,,,,,,
train,1694.png,3227,3222,3227,3222,True,0.0,0,1.0,0.0,1.0,1.0,1.0,0.0,0.0,0.0,0.9999999999999921,False,False,,,,,,,,,,,,,,,,,,,
train,1695.png,3228,3223,3228,3223,True,0.0,0,1.0,0.0,1.0,1.0,1.0,0.0,0.0,0.0,0.9999999999999969,False,False,,,,,,,,,,,,,,,,,,,
train,1701.png,3176,2627,3176,2627,True,0.0,0,1.0,0.0,1.0,1.0,1.0,0.0,0.0,0.0,1.0000000000000024,False,False,,,,,,,,,,,,,,,,,,,
train,1702.png,3175,2627,3175,2627,True,0.0,0,1.0,0.0,1.0,1.0,1.0,0.0,0.0,0.0,0.9999999999999991,False,False,,,,,,,,,,,,,,,,,,,
train,1703.png,3175,2626,3175,2626,True,0.0,0,1.0,0.0,1.0,1.0,1.0,0.0,0.0,0.0,1.0000000000000022,False,False,,,,,,,,,,,,,,,,,,,
train,1707.png,3175,2627,3175,2627,True,0.0,0,1.0,0.0,1.0,1.0,1.0,0.0,0.0,0.0,1.0000000000000027,False,False,,,,,,,,,,,,,,,,,,,
train,1740.png,3519,3280,3519,3280,True,0.0,0,1.0,0.0,1.0,1.0,1.0,0.0,0.0,0.0,1.0000000000000004,False,False,,,,,,,,,,,,,,,,,,,
train,1788.png,2576,2564,2576,2564,True,0.0,0,1.0,0.0,1.0,1.0,1.0,0.0,0.0,0.0,1.000000000000002,False,False,,,,,,,,,,,,,,,,,,,
train,1795.png,3520,3280,3520,3280,True,0.0,0,1.0,0.0,1.0,1.0,1.0,0.0,0.0,0.0,0.9999999999999998,False,False,,,,,,,,,,,,,,,,,,,
holdout40,18.png,3094,2931,3094,2931,True,0.0,0,1.0,0.0,1.0,1.0,1.0,0.0,0.0,0.0,0.9999999999999996,False,False,,,,,,,,,,,,,,,,,,,
train,180.png,4196,3323,4196,3323,True,0.0,0,1.0,0.0,1.0,1.0,1.0,0.0,0.0,0.0,1.0000000000000027,False,False,,,,,,,,,,,,,,,,,,,
train,1806.png,3820,3156,3820,3156,True,0.0,0,1.0,0.0,1.0,1.0,1.0,0.0,0.0,0.0,1.0000000000000022,False,False,,,,,,,,,,,,,,,,,,,
train,1807.png,3820,3156,3820,3156,True,0.0,0,1.0,0.0,1.0,1.0,1.0,0.0,0.0,0.0,1.000000000000004,False,False,,,,,,,,,,,,,,,,,,,
train,1809.png,3820,3156,3820,3156,True,0.0,0,1.0,0.0,1.0,1.0,1.0,0.0,0.0,0.0,0.9999999999999991,False,False,,,,,,,,,,,,,,,,,,,
train,1815.png,3819,3156,3819,3156,True,0.0,0,1.0,0.0,1.0,1.0,1.0,0.0,0.0,0.0,0.999999999999998,False,False,,,,,,,,,,,,,,,,,,,
train,1817.png,3819,3155,3819,3155,True,0.0,0,1.0,0.0,1.0,1.0,1.0,0.0,0.0,0.0,0.9999999999999983,False,False,,,,,,,,,,,,,,,,,,,
train,1820.png,2941,2908,2941,2908,True,0.0,0,1.0,0.0,1.0,1.0,1.0,0.0,0.0,0.0,0.9999999999999971,False,False,,,,,,,,,,,,,,,,,,,
train,1823.png,2941,2908,2941,2908,True,0.0,0,1.0,0.0,1.0,1.0,1.0,0.0,0.0,0.0,0.9999999999999973,False,False,,,,,,,,,,,,,,,,,,,
train,1824.png,2941,2908,2941,2908,True,0.0,0,1.0,0.0,1.0,1.0,1.0,0.0,0.0,0.0,1.0000000000000024,False,False,,,,,,,,,,,,,,,,,,,
train,1831.png,2941,2908,2941,2908,True,0.0,0,1.0,0.0,1.0,1.0,1.0,0.0,0.0,0.0,0.9999999999999974,False,False,,,,,,,,,,,,,,,,,,,
train,1832.png,3260,3095,3260,3095,True,0.0,0,1.0,0.0,1.0,1.0,1.0,0.0,0.0,0.0,1.0000000000000053,False,False,,,,,,,,,,,,,,,,,,,
train,1834.png,3816,3155,3816,3155,True,0.0,0,1.0,0.0,1.0,1.0,1.0,0.0,0.0,0.0,1.0000000000000047,False,False,,,,,,,,,,,,,,,,,,,
train,1838.png,3261,3096,3261,3096,True,0.0,0,1.0,0.0,1.0,1.0,1.0,0.0,0.0,0.0,0.999999999999998,False,False,,,,,,,,,,,,,,,,,,,
train,1840.png,3815,3154,3815,3154,True,0.0,0,1.0,0.0,1.0,1.0,1.0,0.0,0.0,0.0,1.0000000000000044,False,False,,,,,,,,,,,,,,,,,,,
train,1845.png,3815,3155,3815,3155,True,0.0,0,1.0,0.0,1.0,1.0,1.0,0.0,0.0,0.0,1.0000000000000007,False,False,,,,,,,,,,,,,,,,,,,
train,1847.png,3814,3154,3814,3154,True,0.0,0,1.0,0.0,1.0,1.0,1.0,0.0,0.0,0.0,1.0000000000000062,False,False,,,,,,,,,,,,,,,,,,,
train,1848.png,2942,2909,2942,2909,True,0.0,0,1.0,0.0,1.0,1.0,1.0,0.0,0.0,0.0,1.0000000000000053,False,False,,,,,,,,,,,,,,,,,,,
train,1855.png,2942,2909,2942,2909,True,0.0,0,1.0,0.0,1.0,1.0,1.0,0.0,0.0,0.0,0.9999999999999989,False,False,,,,,,,,,,,,,,,,,,,
train,1856.png,2943,2909,2943,2909,True,0.0,0,1.0,0.0,1.0,1.0,1.0,0.0,0.0,0.0,0.9999999999999968,False,False,,,,,,,,,,,,,,,,,,,
train,1858.png,2942,2909,2942,2909,True,0.0,0,1.0,0.0,1.0,1.0,1.0,0.0,0.0,0.0,0.9999999999999942,False,False,,,,,,,,,,,,,,,,,,,
train,1870.png,3387,3277,3387,3277,True,0.0,0,1.0,0.0,1.0,1.0,1.0,0.0,0.0,0.0,1.0000000000000018,False,False,,,,,,,,,,,,,,,,,,,
train,1880.png,3386,3278,3386,3278,True,0.0,0,1.0,0.0,1.0,1.0,1.0,0.0,0.0,0.0,0.9999999999999986,False,False,,,,,,,,,,,,,,,,,,,
train,1881.png,3386,3277,3386,3277,True,0.0,0,1.0,0.0,1.0,1.0,1.0,0.0,0.0,0.0,0.9999999999999981,False,False,,,,,,,,,,,,,,,,,,,
train,1892.png,3386,3278,3386,3278,True,0.0,0,1.0,0.0,1.0,1.0,1.0,0.0,0.0,0.0,1.0000000000000053,False,False,,,,,,,,,,,,,,,,,,,
train,1896.png,2942,2909,2942,2909,True,0.0,0,1.0,0.0,1.0,1.0,1.0,0.0,0.0,0.0,1.0000000000000009,False,False,,,,,,,,,,,,,,,,,,,
train,1898.png,3386,3277,3386,3277,True,0.0,0,1.0,0.0,1.0,1.0,1.0,0.0,0.0,0.0,1.0000000000000016,False,False,,,,,,,,,,,,,,,,,,,
train,1906.png,3065,2525,3065,2525,True,0.0,0,1.0,0.0,1.0,1.0,1.0,0.0,0.0,0.0,0.9999999999999999,False,False,,,,,,,,,,,,,,,,,,,
train,1912.png,3385,3277,3385,3277,True,0.0,0,1.0,0.0,1.0,1.0,1.0,0.0,0.0,0.0,1.0000000000000002,False,False,,,,,,,,,,,,,,,,,,,
train,1922.png,4977,3182,4977,3182,True,0.0,0,1.0,0.0,1.0,1.0,1.0,0.0,0.0,0.0,0.9999999999999988,False,False,,,,,,,,,,,,,,,,,,,
train,1927.png,4980,3183,4980,3183,True,0.0,0,1.0,0.0,1.0,1.0,1.0,0.0,0.0,0.0,1.0000000000000044,False,False,,,,,,,,,,,,,,,,,,,
train,1931.png,3064,2525,3064,2525,True,0.0,0,1.0,0.0,1.0,1.0,1.0,0.0,0.0,0.0,1.0000000000000044,False,False,,,,,,,,,,,,,,,,,,,
train,1932.png,4975,3180,4975,3180,True,0.0,0,1.0,0.0,1.0,1.0,1.0,0.0,0.0,0.0,1.0000000000000062,False,False,,,,,,,,,,,,,,,,,,,
train,1938.png,3063,2525,3063,2525,True,0.0,0,1.0,0.0,1.0,1.0,1.0,0.0,0.0,0.0,0.9999999999999954,False,False,,,,,,,,,,,,,,,,,,,
train,1940.png,3064,2525,3064,2525,True,0.0,0,1.0,0.0,1.0,1.0,1.0,0.0,0.0,0.0,1.0000000000000027,False,False,,,,,,,,,,,,,,,,,,,
train,1945.png,4982,3183,4982,3183,True,0.0,0,1.0,0.0,1.0,1.0,1.0,0.0,0.0,0.0,0.9999999999999946,False,False,,,,,,,,,,,,,,,,,,,
train,1961.png,3427,2641,3427,2641,True,0.0,0,1.0,0.0,1.0,1.0,1.0,0.0,0.0,0.0,1.0000000000000016,False,False,,,,,,,,,,,,,,,,,,,
holdout40,1964.png,3429,2642,3429,2642,True,0.0,0,1.0,0.0,1.0,1.0,1.0,0.0,0.0,0.0,1.0000000000000009,False,False,,,,,,,,,,,,,,,,,,,
train,1980.png,4985,3183,4985,3183,True,0.0,0,1.0,0.0,1.0,1.0,1.0,0.0,0.0,0.0,1.0000000000000049,False,False,,,,,,,,,,,,,,,,,,,
train,1982.png,4984,3182,4984,3182,True,0.0,0,1.0,0.0,1.0,1.0,1.0,0.0,0.0,0.0,1.0000000000000042,False,False,,,,,,,,,,,,,,,,,,,
train,1987.png,4990,3186,4990,3186,True,0.0,0,1.0,0.0,1.0,1.0,1.0,0.0,0.0,0.0,1.000000000000005,False,False,,,,,,,,,,,,,,,,,,,
train,2004.png,4993,3187,4993,3187,True,0.0,0,1.0,0.0,1.0,1.0,1.0,0.0,0.0,0.0,0.9999999999999987,False,False,,,,,,,,,,,,,,,,,,,
train,2008.png,4986,3181,4986,3181,True,0.0,0,1.0,0.0,1.0,1.0,1.0,0.0,0.0,0.0,0.9999999999999987,False,False,,,,,,,,,,,,,,,,,,,
train,2009.png,4985,3182,4985,3182,True,0.0,0,1.0,0.0,1.0,1.0,1.0,0.0,0.0,0.0,1.000000000000004,False,False,,,,,,,,,,,,,,,,,,,
train,2010.png,4985,3180,4985,3180,True,0.0,0,1.0,0.0,1.0,1.0,1.0,0.0,0.0,0.0,0.9999999999999977,False,False,,,,,,,,,,,,,,,,,,,
train,2011.png,4983,3180,4983,3180,True,0.0,0,1.0,0.0,1.0,1.0,1.0,0.0,0.0,0.0,0.9999999999999962,False,False,,,,,,,,,,,,,,,,,,,
train,2012.png,4994,3187,4994,3187,True,0.0,0,1.0,0.0,1.0,1.0,1.0,0.0,0.0,0.0,1.0000000000000002,False,False,,,,,,,,,,,,,,,,,,,
train,2014.png,4993,3186,4993,3186,True,0.0,0,1.0,0.0,1.0,1.0,1.0,0.0,0.0,0.0,0.9999999999999978,False,False,,,,,,,,,,,,,,,,,,,
train,2017.png,4987,3181,4987,3181,True,0.0,0,1.0,0.0,1.0,1.0,1.0,0.0,0.0,0.0,0.9999999999999996,False,False,,,,,,,,,,,,,,,,,,,
train,2020.png,4994,3186,4994,3186,True,0.0,0,1.0,0.0,1.0,1.0,1.0,0.0,0.0,0.0,0.9999999999999973,False,False,,,,,,,,,,,,,,,,,,,
train,2021.png,4992,3184,4992,3184,True,0.0,0,1.0,0.0,1.0,1.0,1.0,0.0,0.0,0.0,1.0000000000000018,False,False,,,,,,,,,,,,,,,,,,,
train,2026.png,3432,2642,3432,2642,True,0.0,0,1.0,0.0,1.0,1.0,1.0,0.0,0.0,0.0,1.0000000000000047,False,False,,,,,,,,,,,,,,,,,,,
train,2029.png,3431,2643,3431,2643,True,0.0,0,1.0,0.0,1.0,1.0,1.0,0.0,0.0,0.0,1.0000000000000022,False,False,,,,,,,,,,,,,,,,,,,
train,2031.png,3098,2951,3098,2951,True,0.0,0,1.0,0.0,1.0,1.0,1.0,0.0,0.0,0.0,1.000000000000004,False,False,,,,,,,,,,,,,,,,,,,
holdout40,2032.png,3098,2951,3098,2951,True,0.0,0,1.0,0.0,1.0,1.0,1.0,0.0,0.0,0.0,0.9999999999999992,False,False,,,,,,,,,,,,,,,,,,,
train,2036.png,4994,3185,4994,3185,True,0.0,0,1.0,0.0,1.0,1.0,1.0,0.0,0.0,0.0,1.0000000000000016,False,False,,,,,,,,,,,,,,,,,,,
train,2042.png,3098,2952,3098,2952,True,0.0,0,1.0,0.0,1.0,1.0,1.0,0.0,0.0,0.0,1.000000000000004,False,False,,,,,,,,,,,,,,,,,,,
train,2055.png,3059,2524,3059,2524,True,0.0,0,1.0,0.0,1.0,1.0,1.0,0.0,0.0,0.0,1.0000000000000016,False,False,,,,,,,,,,,,,,,,,,,
train,2062.png,3099,2952,3099,2952,True,0.0,0,1.0,0.0,1.0,1.0,1.0,0.0,0.0,0.0,1.0000000000000036,False,False,,,,,,,,,,,,,,,,,,,
train,2064.png,3098,2951,3098,2951,True,0.0,0,1.0,0.0,1.0,1.0,1.0,0.0,0.0,0.0,1.0000000000000016,False,False,,,,,,,,,,,,,,,,,,,
train,2072.png,3099,2952,3099,2952,True,0.0,0,1.0,0.0,1.0,1.0,1.0,0.0,0.0,0.0,1.0000000000000027,False,False,,,,,,,,,,,,,,,,,,,
train,2078.png,3099,2951,3099,2951,True,0.0,0,1.0,0.0,1.0,1.0,1.0,0.0,0.0,0.0,1.0000000000000007,False,False,,,,,,,,,,,,,,,,,,,
train,2124.png,3134,2992,3134,2992,True,0.0,0,1.0,0.0,1.0,1.0,1.0,0.0,0.0,0.0,0.9999999999999953,False,False,,,,,,,,,,,,,,,,,,,
train,2128.png,3085,2810,3085,2810,True,0.0,0,1.0,0.0,1.0,1.0,1.0,0.0,0.0,0.0,0.9999999999999998,False,False,,,,,,,,,,,,,,,,,,,
train,2131.png,3134,2992,3134,2992,True,0.0,0,1.0,0.0,1.0,1.0,1.0,0.0,0.0,0.0,1.0000000000000018,False,False,,,,,,,,,,,,,,,,,,,
holdout40,2142.png,2715,2652,2715,2652,True,0.0,0,1.0,0.0,1.0,1.0,1.0,0.0,0.0,0.0,1.0000000000000004,False,False,,,,,,,,,,,,,,,,,,,
train,2148.png,2715,2652,2715,2652,True,0.0,0,1.0,0.0,1.0,1.0,1.0,0.0,0.0,0.0,0.9999999999999978,False,False,,,,,,,,,,,,,,,,,,,
train,2150.png,3135,2992,3135,2992,True,0.0,0,1.0,0.0,1.0,1.0,1.0,0.0,0.0,0.0,1.0000000000000062,False,False,,,,,,,,,,,,,,,,,,,
train,2160.png,2715,2652,2715,2652,True,0.0,0,1.0,0.0,1.0,1.0,1.0,0.0,0.0,0.0,1.0000000000000004,False,False,,,,,,,,,,,,,,,,,,,
holdout40,217.png,4197,3324,4197,3324,True,0.0,0,1.0,0.0,1.0,1.0,1.0,0.0,0.0,0.0,0.9999999999999964,False,False,,,,,,,,,,,,,,,,,,,
holdout40,2181.png,2715,2652,2715,2652,True,0.0,0,1.0,0.0,1.0,1.0,1.0,0.0,0.0,0.0,0.9999999999999966,False,False,,,,,,,,,,,,,,,,,,,
holdout40,2193.png,2715,2653,2715,2653,True,0.0,0,1.0,0.0,1.0,1.0,1.0,0.0,0.0,0.0,0.999999999999998,False,False,,,,,,,,,,,,,,,,,,,
train,2197.png,2716,2652,2716,2652,True,0.0,0,1.0,0.0,1.0,1.0,1.0,0.0,0.0,0.0,1.0000000000000016,False,False,,,,,,,,,,,,,,,,,,,
train,2207.png,2716,2652,2716,2652,True,0.0,0,1.0,0.0,1.0,1.0,1.0,0.0,0.0,0.0,1.0000000000000004,False,False,,,,,,,,,,,,,,,,,,,
train,2215.png,3438,2640,3438,2640,True,0.0,0,1.0,0.0,1.0,1.0,1.0,0.0,0.0,0.0,1.0000000000000009,False,False,,,,,,,,,,,,,,,,,,,
train,2225.png,3439,2640,3439,2640,True,0.0,0,1.0,0.0,1.0,1.0,1.0,0.0,0.0,0.0,1.000000000000003,False,False,,,,,,,,,,,,,,,,,,,
train,2230.png,3439,2640,3439,2640,True,0.0,0,1.0,0.0,1.0,1.0,1.0,0.0,0.0,0.0,1.000000000000002,False,False,,,,,,,,,,,,,,,,,,,
train,2239.png,3439,2640,3439,2640,True,0.0,0,1.0,0.0,1.0,1.0,1.0,0.0,0.0,0.0,0.9999999999999983,False,False,,,,,,,,,,,,,,,,,,,
train,2279.png,3596,2725,3596,2725,True,0.0,0,1.0,0.0,1.0,1.0,1.0,0.0,0.0,0.0,1.0000000000000004,False,False,,,,,,,,,,,,,,,,,,,
holdout40,2281.png,3596,2726,3596,2726,True,0.0,0,1.0,0.0,1.0,1.0,1.0,0.0,0.0,0.0,0.9999999999999938,False,False,,,,,,,,,,,,,,,,,,,
train,2294.png,3597,2726,3597,2726,True,0.0,0,1.0,0.0,1.0,1.0,1.0,0.0,0.0,0.0,0.9999999999999993,False,False,,,,,,,,,,,,,,,,,,,
train,2301.png,3597,2726,3597,2726,True,0.0,0,1.0,0.0,1.0,1.0,1.0,0.0,0.0,0.0,1.0000000000000002,False,False,,,,,,,,,,,,,,,,,,,
holdout40,2303.png,3598,2727,3598,2727,True,0.0,0,1.0,0.0,1.0,1.0,1.0,0.0,0.0,0.0,0.999999999999999,False,False,,,,,,,,,,,,,,,,,,,
train,2305.png,3596,2725,3596,2725,True,0.0,0,1.0,0.0,1.0,1.0,1.0,0.0,0.0,0.0,0.9999999999999986,False,False,,,,,,,,,,,,,,,,,,,
train,2310.png,3475,3197,3475,3197,True,0.0,0,1.0,0.0,1.0,1.0,1.0,0.0,0.0,0.0,1.0000000000000056,False,False,,,,,,,,,,,,,,,,,,,
train,2313.png,3603,2730,3603,2730,True,0.0,0,1.0,0.0,1.0,1.0,1.0,0.0,0.0,0.0,1.0000000000000009,False,False,,,,,,,,,,,,,,,,,,,
train,2314.png,3603,2730,3603,2730,True,0.0,0,1.0,0.0,1.0,1.0,1.0,0.0,0.0,0.0,1.0000000000000009,False,False,,,,,,,,,,,,,,,,,,,
train,2318.png,3475,3197,3475,3197,True,0.0,0,1.0,0.0,1.0,1.0,1.0,0.0,0.0,0.0,1.0000000000000027,False,False,,,,,,,,,,,,,,,,,,,
train,2320.png,3475,3196,3475,3196,True,0.0,0,1.0,0.0,1.0,1.0,1.0,0.0,0.0,0.0,1.0000000000000047,False,False,,,,,,,,,,,,,,,,,,,
train,2322.png,3603,2729,3603,2729,True,0.0,0,1.0,0.0,1.0,1.0,1.0,0.0,0.0,0.0,0.9999999999999951,False,False,,,,,,,,,,,,,,,,,,,
train,2334.png,3603,2729,3603,2729,True,0.0,0,1.0,0.0,1.0,1.0,1.0,0.0,0.0,0.0,0.9999999999999973,False,False,,,,,,,,,,,,,,,,,,,
train,2341.png,3476,3197,3476,3197,True,0.0,0,1.0,0.0,1.0,1.0,1.0,0.0,0.0,0.0,1.0000000000000004,False,False,,,,,,,,,,,,,,,,,,,
train,2353.png,3476,3197,3476,3197,True,0.0,0,1.0,0.0,1.0,1.0,1.0,0.0,0.0,0.0,0.999999999999998,False,False,,,,,,,,,,,,,,,,,,,
train,2354.png,3476,3196,3476,3196,True,0.0,0,1.0,0.0,1.0,1.0,1.0,0.0,0.0,0.0,1.0000000000000047,False,False,,,,,,,,,,,,,,,,,,,
train,2355.png,2739,2667,2739,2667,True,0.0,0,1.0,0.0,1.0,1.0,1.0,0.0,0.0,0.0,0.9999999999999964,False,False,,,,,,,,,,,,,,,,,,,
train,2356.png,2738,2667,2738,2667,True,0.0,0,1.0,0.0,1.0,1.0,1.0,0.0,0.0,0.0,1.0000000000000002,False,False,,,,,,,,,,,,,,,,,,,
holdout40,2359.png,3537,2966,3537,2966,True,0.0,0,1.0,0.0,1.0,1.0,1.0,0.0,0.0,0.0,1.0000000000000016,False,False,,,,,,,,,,,,,,,,,,,
train,2361.png,3537,2965,3537,2965,True,0.0,0,1.0,0.0,1.0,1.0,1.0,0.0,0.0,0.0,1.0000000000000013,False,False,,,,,,,,,,,,,,,,,,,
train,2365.png,3537,2965,3537,2965,True,0.0,0,1.0,0.0,1.0,1.0,1.0,0.0,0.0,0.0,0.9999999999999982,False,False,,,,,,,,,,,,,,,,,,,
train,2370.png,2739,2668,2739,2668,True,0.0,0,1.0,0.0,1.0,1.0,1.0,0.0,0.0,0.0,0.999999999999995,False,False,,,,,,,,,,,,,,,,,,,
train,2371.png,2739,2667,2739,2667,True,0.0,0,1.0,0.0,1.0,1.0,1.0,0.0,0.0,0.0,0.9999999999999958,False,False,,,,,,,,,,,,,,,,,,,
train,2375.png,3537,2966,3537,2966,True,0.0,0,1.0,0.0,1.0,1.0,1.0,0.0,0.0,0.0,1.0000000000000022,False,False,,,,,,,,,,,,,,,,,,,
train,2382.png,3995,2767,3995,2767,True,0.0,0,1.0,0.0,1.0,1.0,1.0,0.0,0.0,0.0,0.9999999999999974,False,False,,,,,,,,,,,,,,,,,,,
train,2386.png,2739,2668,2739,2668,True,0.0,0,1.0,0.0,1.0,1.0,1.0,0.0,0.0,0.0,1.0000000000000027,False,False,,,,,,,,,,,,,,,,,,,
train,2387.png,2739,2667,2739,2667,True,0.0,0,1.0,0.0,1.0,1.0,1.0,0.0,0.0,0.0,0.9999999999999993,False,False,,,,,,,,,,,,,,,,,,,
train,2389.png,3536,2966,3536,2966,True,0.0,0,1.0,0.0,1.0,1.0,1.0,0.0,0.0,0.0,1.0000000000000027,False,False,,,,,,,,,,,,,,,,,,,
train,2399.png,2739,2667,2739,2667,True,0.0,0,1.0,0.0,1.0,1.0,1.0,0.0,0.0,0.0,1.0000000000000029,False,False,,,,,,,,,,,,,,,,,,,
train,24.png,3094,2932,3094,2932,True,0.0,0,1.0,0.0,1.0,1.0,1.0,0.0,0.0,0.0,0.9999999999999973,False,False,,,,,,,,,,,,,,,,,,,
train,2400.png,3996,2767,3996,2767,True,0.0,0,1.0,0.0,1.0,1.0,1.0,0.0,0.0,0.0,1.0000000000000018,False,False,,,,,,,,,,,,,,,,,,,
train,2405.png,3535,2966,3535,2966,True,0.0,0,1.0,0.0,1.0,1.0,1.0,0.0,0.0,0.0,0.9999999999999978,False,False,,,,,,,,,,,,,,,,,,,
train,2416.png,3535,2965,3535,2965,True,0.0,0,1.0,0.0,1.0,1.0,1.0,0.0,0.0,0.0,0.9999999999999957,False,False,,,,,,,,,,,,,,,,,,,
train,2421.png,3606,2729,3606,2729,True,0.0,0,1.0,0.0,1.0,1.0,1.0,0.0,0.0,0.0,1.0000000000000027,False,False,,,,,,,,,,,,,,,,,,,
train,2436.png,3535,2966,3535,2966,True,0.0,0,1.0,0.0,1.0,1.0,1.0,0.0,0.0,0.0,1.000000000000001,False,False,,,,,,,,,,,,,,,,,,,
train,2459.png,3193,3196,3193,3196,True,0.0,0,1.0,0.0,1.0,1.0,1.0,0.0,0.0,0.0,0.999999999999998,False,False,,,,,,,,,,,,,,,,,,,
train,2475.png,2913,2427,2913,2427,True,0.0,0,1.0,0.0,1.0,1.0,1.0,0.0,0.0,0.0,1.000000000000003,False,False,,,,,,,,,,,,,,,,,,,
train,2482.png,3193,3196,3193,3196,True,0.0,0,1.0,0.0,1.0,1.0,1.0,0.0,0.0,0.0,0.9999999999999993,False,False,,,,,,,,,,,,,,,,,,,
train,2493.png,2912,2426,2912,2426,True,0.0,0,1.0,0.0,1.0,1.0,1.0,0.0,0.0,0.0,1.0000000000000007,False,False,,,,,,,,,,,,,,,,,,,
train,2497.png,3194,3196,3194,3196,True,0.0,0,1.0,0.0,1.0,1.0,1.0,0.0,0.0,0.0,1.0000000000000013,False,False,,,,,,,,,,,,,,,,,,,
train,2498.png,3193,3196,3193,3196,True,0.0,0,1.0,0.0,1.0,1.0,1.0,0.0,0.0,0.0,1.000000000000006,False,False,,,,,,,,,,,,,,,,,,,
train,2499.png,3194,3196,3194,3196,True,0.0,0,1.0,0.0,1.0,1.0,1.0,0.0,0.0,0.0,0.9999999999999983,False,False,,,,,,,,,,,,,,,,,,,
train,2505.png,2912,2427,2912,2427,True,0.0,0,1.0,0.0,1.0,1.0,1.0,0.0,0.0,0.0,1.000000000000002,False,False,,,,,,,,,,,,,,,,,,,
train,2507.png,2912,2427,2912,2427,True,0.0,0,1.0,0.0,1.0,1.0,1.0,0.0,0.0,0.0,0.9999999999999982,False,False,,,,,,,,,,,,,,,,,,,
holdout40,2509.png,3193,3196,3193,3196,True,0.0,0,1.0,0.0,1.0,1.0,1.0,0.0,0.0,0.0,1.000000000000009,False,False,,,,,,,,,,,,,,,,,,,
train,2510.png,3194,3196,3194,3196,True,0.0,0,1.0,0.0,1.0,1.0,1.0,0.0,0.0,0.0,0.9999999999999996,False,False,,,,,,,,,,,,,,,,,,,
train,2511.png,3193,3196,3193,3196,True,0.0,0,1.0,0.0,1.0,1.0,1.0,0.0,0.0,0.0,1.000000000000001,False,False,,,,,,,,,,,,,,,,,,,
train,2513.png,2913,2428,2913,2428,True,0.0,0,1.0,0.0,1.0,1.0,1.0,0.0,0.0,0.0,0.9999999999999997,False,False,,,,,,,,,,,,,,,,,,,
train,2514.png,2913,2428,2913,2428,True,0.0,0,1.0,0.0,1.0,1.0,1.0,0.0,0.0,0.0,1.0000000000000013,False,False,,,,,,,,,,,,,,,,,,,
train,2515.png,2912,2427,2912,2427,True,0.0,0,1.0,0.0,1.0,1.0,1.0,0.0,0.0,0.0,1.0000000000000018,False,False,,,,,,,,,,,,,,,,,,,
train,2519.png,3193,3196,3193,3196,True,0.0,0,1.0,0.0,1.0,1.0,1.0,0.0,0.0,0.0,1.000000000000005,False,False,,,,,,,,,,,,,,,,,,,
train,252.png,4199,3324,4199,3324,True,0.0,0,1.0,0.0,1.0,1.0,1.0,0.0,0.0,0.0,1.0000000000000038,False,False,,,,,,,,,,,,,,,,,,,
train,2520.png,3193,3196,3193,3196,True,0.0,0,1.0,0.0,1.0,1.0,1.0,0.0,0.0,0.0,1.0000000000000067,False,False,,,,,,,,,,,,,,,,,,,
train,2521.png,3194,3196,3194,3196,True,0.0,0,1.0,0.0,1.0,1.0,1.0,0.0,0.0,0.0,0.9999999999999997,False,False,,,,,,,,,,,,,,,,,,,
train,2523.png,2913,2427,2913,2427,True,0.0,0,1.0,0.0,1.0,1.0,1.0,0.0,0.0,0.0,0.9999999999999994,False,False,,,,,,,,,,,,,,,,,,,
train,2524.png,2913,2428,2913,2428,True,0.0,0,1.0,0.0,1.0,1.0,1.0,0.0,0.0,0.0,0.9999999999999979,False,False,,,,,,,,,,,,,,,,,,,
train,2530.png,2913,2428,2913,2428,True,0.0,0,1.0,0.0,1.0,1.0,1.0,0.0,0.0,0.0,1.000000000000001,False,False,,,,,,,,,,,,,,,,,,,
train,2531.png,2912,2428,2912,2428,True,0.0,0,1.0,0.0,1.0,1.0,1.0,0.0,0.0,0.0,1.0000000000000038,False,False,,,,,,,,,,,,,,,,,,,
train,2532.png,2912,2428,2912,2428,True,0.0,0,1.0,0.0,1.0,1.0,1.0,0.0,0.0,0.0,1.0000000000000009,False,False,,,,,,,,,,,,,,,,,,,
train,254.png,4199,3325,4199,3325,True,0.0,0,1.0,0.0,1.0,1.0,1.0,0.0,0.0,0.0,0.9999999999999977,False,False,,,,,,,,,,,,,,,,,,,
train,2542.png,2913,2428,2913,2428,True,0.0,0,1.0,0.0,1.0,1.0,1.0,0.0,0.0,0.0,1.0000000000000004,False,False,,,,,,,,,,,,,,,,,,,
train,2544.png,2911,2427,2911,2427,True,0.0,0,1.0,0.0,1.0,1.0,1.0,0.0,0.0,0.0,0.9999999999999998,False,False,,,,,,,,,,,,,,,,,,,
train,2550.png,2912,2427,2912,2427,True,0.0,0,1.0,0.0,1.0,1.0,1.0,0.0,0.0,0.0,1.0000000000000049,False,False,,,,,,,,,,,,,,,,,,,
train,2557.png,4137,3275,4137,3275,True,0.0,0,1.0,0.0,1.0,1.0,1.0,0.0,0.0,0.0,1.0000000000000062,False,False,,,,,,,,,,,,,,,,,,,
train,2560.png,4136,3275,4136,3275,True,0.0,0,1.0,0.0,1.0,1.0,1.0,0.0,0.0,0.0,1.000000000000005,False,False,,,,,,,,,,,,,,,,,,,
train,2561.png,4006,2767,4006,2767,True,0.0,0,1.0,0.0,1.0,1.0,1.0,0.0,0.0,0.0,1.0000000000000009,False,False,,,,,,,,,,,,,,,,,,,
train,2564.png,4137,3275,4137,3275,True,0.0,0,1.0,0.0,1.0,1.0,1.0,0.0,0.0,0.0,0.9999999999999972,False,False,,,,,,,,,,,,,,,,,,,
train,2567.png,4001,2763,4001,2763,True,0.0,0,1.0,0.0,1.0,1.0,1.0,0.0,0.0,0.0,0.9999999999999981,False,False,,,,,,,,,,,,,,,,,,,
train,2568.png,4000,2764,4000,2764,True,0.0,0,1.0,0.0,1.0,1.0,1.0,0.0,0.0,0.0,1.0000000000000033,False,False,,,,,,,,,,,,,,,,,,,
holdout40,2571.png,4001,2764,4001,2764,True,0.0,0,1.0,0.0,1.0,1.0,1.0,0.0,0.0,0.0,0.9999999999999951,False,False,,,,,,,,,,,,,,,,,,,
train,2574.png,4003,2764,4003,2764,True,0.0,0,1.0,0.0,1.0,1.0,1.0,0.0,0.0,0.0,0.9999999999999969,False,False,,,,,,,,,,,,,,,,,,,
train,2584.png,4004,2764,4004,2764,True,0.0,0,1.0,0.0,1.0,1.0,1.0,0.0,0.0,0.0,1.0000000000000018,False,False,,,,,,,,,,,,,,,,,,,
holdout40,2591.png,3483,2739,3483,2739,True,0.0,0,1.0,0.0,1.0,1.0,1.0,0.0,0.0,0.0,0.9999999999999974,False,False,,,,,,,,,,,,,,,,,,,
train,2599.png,3483,2740,3483,2740,True,0.0,0,1.0,0.0,1.0,1.0,1.0,0.0,0.0,0.0,1.0000000000000002,False,False,,,,,,,,,,,,,,,,,,,
train,2606.png,3093,2932,3093,2932,True,0.0,0,1.0,0.0,1.0,1.0,1.0,0.0,0.0,0.0,0.9999999999999948,False,False,,,,,,,,,,,,,,,,,,,
train,2608.png,3320,3228,3320,3228,True,0.0,0,1.0,0.0,1.0,1.0,1.0,0.0,0.0,0.0,0.9999999999999946,False,False,,,,,,,,,,,,,,,,,,,
train,2609.png,3320,3228,3320,3228,True,0.0,0,1.0,0.0,1.0,1.0,1.0,0.0,0.0,0.0,0.9999999999999953,False,False,,,,,,,,,,,,,,,,,,,
train,2618.png,3093,2931,3093,2931,True,0.0,0,1.0,0.0,1.0,1.0,1.0,0.0,0.0,0.0,0.9999999999999977,False,False,,,,,,,,,,,,,,,,,,,
holdout40,2619.png,4005,2763,4005,2763,True,0.0,0,1.0,0.0,1.0,1.0,1.0,0.0,0.0,0.0,1.0000000000000002,False,False,,,,,,,,,,,,,,,,,,,
train,282.png,4765,3065,4765,3065,True,0.0,0,1.0,0.0,1.0,1.0,1.0,0.0,0.0,0.0,1.000000000000012,False,False,,,,,,,,,,,,,,,,,,,
train,283.png,4764,3066,4764,3066,True,0.0,0,1.0,0.0,1.0,1.0,1.0,0.0,0.0,0.0,1.000000000000006,False,False,,,,,,,,,,,,,,,,,,,
train,285.png,4762,3064,4762,3064,True,0.0,0,1.0,0.0,1.0,1.0,1.0,0.0,0.0,0.0,0.9999999999999992,False,False,,,,,,,,,,,,,,,,,,,
train,287.png,4760,3063,4760,3063,True,0.0,0,1.0,0.0,1.0,1.0,1.0,0.0,0.0,0.0,1.0000000000000009,False,False,,,,,,,,,,,,,,,,,,,
train,289.png,4765,3065,4765,3065,True,0.0,0,1.0,0.0,1.0,1.0,1.0,0.0,0.0,0.0,1.000000000000002,False,False,,,,,,,,,,,,,,,,,,,
train,291.png,4764,3065,4764,3065,True,0.0,0,1.0,0.0,1.0,1.0,1.0,0.0,0.0,0.0,1.0000000000000004,False,False,,,,,,,,,,,,,,,,,,,
train,293.png,4763,3064,4763,3064,True,0.0,0,1.0,0.0,1.0,1.0,1.0,0.0,0.0,0.0,1.0000000000000173,False,False,,,,,,,,,,,,,,,,,,,
train,295.png,4761,3063,4761,3063,True,0.0,0,1.0,0.0,1.0,1.0,1.0,0.0,0.0,0.0,0.999999999999997,False,False,,,,,,,,,,,,,,,,,,,
train,296.png,4766,3066,4766,3066,True,0.0,0,1.0,0.0,1.0,1.0,1.0,0.0,0.0,0.0,0.9999999999999963,False,False,,,,,,,,,,,,,,,,,,,
train,303.png,4762,3063,4762,3063,True,0.0,0,1.0,0.0,1.0,1.0,1.0,0.0,0.0,0.0,1.000000000000007,False,False,,,,,,,,,,,,,,,,,,,
holdout40,309.png,4765,3064,4765,3064,True,0.0,0,1.0,0.0,1.0,1.0,1.0,0.0,0.0,0.0,0.9999999999999911,False,False,,,,,,,,,,,,,,,,,,,
train,310.png,4764,3064,4764,3064,True,0.0,0,1.0,0.0,1.0,1.0,1.0,0.0,0.0,0.0,0.9999999999999967,False,False,,,,,,,,,,,,,,,,,,,
train,311.png,4763,3064,4763,3064,True,0.0,0,1.0,0.0,1.0,1.0,1.0,0.0,0.0,0.0,1.000000000000003,False,False,,,,,,,,,,,,,,,,,,,
train,315.png,4768,3066,4768,3066,True,0.0,0,1.0,0.0,1.0,1.0,1.0,0.0,0.0,0.0,0.9999999999999987,False,False,,,,,,,,,,,,,,,,,,,
train,320.png,4766,3064,4766,3064,True,0.0,0,1.0,0.0,1.0,1.0,1.0,0.0,0.0,0.0,1.0000000000000004,False,False,,,,,,,,,,,,,,,,,,,
train,321.png,4765,3064,4765,3064,True,0.0,0,1.0,0.0,1.0,1.0,1.0,0.0,0.0,0.0,1.0000000000000056,False,False,,,,,,,,,,,,,,,,,,,
train,322.png,4764,3063,4764,3063,True,0.0,0,1.0,0.0,1.0,1.0,1.0,0.0,0.0,0.0,1.0,False,False,,,,,,,,,,,,,,,,,,,
train,323.png,4763,3062,4763,3062,True,0.0,0,1.0,0.0,1.0,1.0,1.0,0.0,0.0,0.0,0.999999999999992,False,False,,,,,,,,,,,,,,,,,,,
train,324.png,3309,3142,3309,3142,True,0.0,0,1.0,0.0,1.0,1.0,1.0,0.0,0.0,0.0,1.0000000000000016,False,False,,,,,,,,,,,,,,,,,,,
train,325.png,3309,3142,3309,3142,True,0.0,0,1.0,0.0,1.0,1.0,1.0,0.0,0.0,0.0,0.9999999999999992,False,False,,,,,,,,,,,,,,,,,,,
holdout40,33.png,2945,2821,2945,2821,True,0.0,0,1.0,0.0,1.0,1.0,1.0,0.0,0.0,0.0,1.0000000000000024,False,False,,,,,,,,,,,,,,,,,,,
train,333.png,2589,2602,2589,2602,True,0.0,0,1.0,0.0,1.0,1.0,1.0,0.0,0.0,0.0,1.0000000000000004,False,False,,,,,,,,,,,,,,,,,,,
train,342.png,2590,2602,2590,2602,True,0.0,0,1.0,0.0,1.0,1.0,1.0,0.0,0.0,0.0,1.0000000000000058,False,False,,,,,,,,,,,,,,,,,,,
train,355.png,3741,2830,3741,2830,True,0.0,0,1.0,0.0,1.0,1.0,1.0,0.0,0.0,0.0,0.9999999999999993,False,False,,,,,,,,,,,,,,,,,,,
train,362.png,3310,3142,3310,3142,True,0.0,0,1.0,0.0,1.0,1.0,1.0,0.0,0.0,0.0,1.0000000000000042,False,False,,,,,,,,,,,,,,,,,,,
train,372.png,2979,2770,2979,2770,True,0.0,0,1.0,0.0,1.0,1.0,1.0,0.0,0.0,0.0,0.9999999999999987,False,False,,,,,,,,,,,,,,,,,,,
train,373.png,2979,2769,2979,2769,True,0.0,0,1.0,0.0,1.0,1.0,1.0,0.0,0.0,0.0,0.9999999999999982,False,False,,,,,,,,,,,,,,,,,,,
train,377.png,3741,2830,3741,2830,True,0.0,0,1.0,0.0,1.0,1.0,1.0,0.0,0.0,0.0,1.0000000000000016,False,False,,,,,,,,,,,,,,,,,,,
train,379.png,3742,2830,3742,2830,True,0.0,0,1.0,0.0,1.0,1.0,1.0,0.0,0.0,0.0,0.9999999999999987,False,False,,,,,,,,,,,,,,,,,,,
train,38.png,3371,2713,3371,2713,True,0.0,0,1.0,0.0,1.0,1.0,1.0,0.0,0.0,0.0,0.9999999999999982,False,False,,,,,,,,,,,,,,,,,,,
train,381.png,2980,2770,2980,2770,True,0.0,0,1.0,0.0,1.0,1.0,1.0,0.0,0.0,0.0,0.9999999999999998,False,False,,,,,,,,,,,,,,,,,,,
train,389.png,2589,2601,2589,2601,True,0.0,0,1.0,0.0,1.0,1.0,1.0,0.0,0.0,0.0,1.0000000000000049,False,False,,,,,,,,,,,,,,,,,,,
train,394.png,2979,2769,2979,2769,True,0.0,0,1.0,0.0,1.0,1.0,1.0,0.0,0.0,0.0,0.9999999999999983,False,False,,,,,,,,,,,,,,,,,,,
holdout40,399.png,3742,2830,3742,2830,True,0.0,0,1.0,0.0,1.0,1.0,1.0,0.0,0.0,0.0,1.0000000000000013,False,False,,,,,,,,,,,,,,,,,,,
train,40.png,2945,2820,2945,2820,True,0.0,0,1.0,0.0,1.0,1.0,1.0,0.0,0.0,0.0,0.9999999999999978,False,False,,,,,,,,,,,,,,,,,,,
train,41.png,2944,2820,2944,2820,True,0.0,0,1.0,0.0,1.0,1.0,1.0,0.0,0.0,0.0,1.0000000000000007,False,False,,,,,,,,,,,,,,,,,,,
train,414.png,3741,2829,3741,2829,True,0.0,0,1.0,0.0,1.0,1.0,1.0,0.0,0.0,0.0,1.0000000000000044,False,False,,,,,,,,,,,,,,,,,,,
train,418.png,3743,2830,3743,2830,True,0.0,0,1.0,0.0,1.0,1.0,1.0,0.0,0.0,0.0,0.999999999999995,False,False,,,,,,,,,,,,,,,,,,,
train,42.png,3372,2713,3372,2713,True,0.0,0,1.0,0.0,1.0,1.0,1.0,0.0,0.0,0.0,0.9999999999999996,False,False,,,,,,,,,,,,,,,,,,,
holdout40,43.png,3372,2713,3372,2713,True,0.0,0,1.0,0.0,1.0,1.0,1.0,0.0,0.0,0.0,0.9999999999999987,False,False,,,,,,,,,,,,,,,,,,,
train,432.png,2979,2770,2979,2770,True,0.0,0,1.0,0.0,1.0,1.0,1.0,0.0,0.0,0.0,0.9999999999999979,False,False,,,,,,,,,,,,,,,,,,,
train,433.png,2979,2770,2979,2770,True,0.0,0,1.0,0.0,1.0,1.0,1.0,0.0,0.0,0.0,1.000000000000003,False,False,,,,,,,,,,,,,,,,,,,
train,451.png,2978,2770,2978,2770,True,0.0,0,1.0,0.0,1.0,1.0,1.0,0.0,0.0,0.0,1.0000000000000009,False,False,,,,,,,,,,,,,,,,,,,
train,46.png,3372,2713,3372,2713,True,0.0,0,1.0,0.0,1.0,1.0,1.0,0.0,0.0,0.0,1.0000000000000022,False,False,,,,,,,,,,,,,,,,,,,
train,469.png,2978,2769,2978,2769,True,0.0,0,1.0,0.0,1.0,1.0,1.0,0.0,0.0,0.0,0.9999999999999998,False,False,,,,,,,,,,,,,,,,,,,
train,47.png,3372,2713,3372,2713,True,0.0,0,1.0,0.0,1.0,1.0,1.0,0.0,0.0,0.0,1.0000000000000016,False,False,,,,,,,,,,,,,,,,,,,
train,481.png,3208,2640,3208,2640,True,0.0,0,1.0,0.0,1.0,1.0,1.0,0.0,0.0,0.0,0.9999999999999986,False,False,,,,,,,,,,,,,,,,,,,
train,484.png,2977,2769,2977,2769,True,0.0,0,1.0,0.0,1.0,1.0,1.0,0.0,0.0,0.0,0.9999999999999964,False,False,,,,,,,,,,,,,,,,,,,
train,486.png,2977,2769,2977,2769,True,0.0,0,1.0,0.0,1.0,1.0,1.0,0.0,0.0,0.0,1.0000000000000038,False,False,,,,,,,,,,,,,,,,,,,
train,488.png,2978,2769,2978,2769,True,0.0,0,1.0,0.0,1.0,1.0,1.0,0.0,0.0,0.0,0.9999999999999998,False,False,,,,,,,,,,,,,,,,,,,
train,5.png,3093,2931,3093,2931,True,0.0,0,1.0,0.0,1.0,1.0,1.0,0.0,0.0,0.0,1.000000000000002,False,False,,,,,,,,,,,,,,,,,,,
train,500.png,2979,2771,2979,2771,True,0.0,0,1.0,0.0,1.0,1.0,1.0,0.0,0.0,0.0,1.0000000000000022,False,False,,,,,,,,,,,,,,,,,,,
train,506.png,2977,2770,2977,2770,True,0.0,0,1.0,0.0,1.0,1.0,1.0,0.0,0.0,0.0,1.000000000000001,False,False,,,,,,,,,,,,,,,,,,,
holdout40,509.png,3301,2728,3301,2728,True,0.0,0,1.0,0.0,1.0,1.0,1.0,0.0,0.0,0.0,1.0000000000000013,False,False,,,,,,,,,,,,,,,,,,,
holdout40,512.png,2978,2770,2978,2770,True,0.0,0,1.0,0.0,1.0,1.0,1.0,0.0,0.0,0.0,0.9999999999999973,False,False,,,,,,,,,,,,,,,,,,,
train,513.png,3302,2729,3302,2729,True,0.0,0,1.0,0.0,1.0,1.0,1.0,0.0,0.0,0.0,0.9999999999999968,False,False,,,,,,,,,,,,,,,,,,,
train,520.png,2979,2771,2979,2771,True,0.0,0,1.0,0.0,1.0,1.0,1.0,0.0,0.0,0.0,1.0000000000000016,False,False,,,,,,,,,,,,,,,,,,,
train,525.png,3312,3142,3312,3142,True,0.0,0,1.0,0.0,1.0,1.0,1.0,0.0,0.0,0.0,1.0000000000000004,False,False,,,,,,,,,,,,,,,,,,,
train,53.png,3372,2712,3372,2712,True,0.0,0,1.0,0.0,1.0,1.0,1.0,0.0,0.0,0.0,0.9999999999999982,False,False,,,,,,,,,,,,,,,,,,,
train,531.png,3302,2728,3302,2728,True,0.0,0,1.0,0.0,1.0,1.0,1.0,0.0,0.0,0.0,0.9999999999999984,False,False,,,,,,,,,,,,,,,,,,,
holdout40,534.png,2978,2770,2978,2770,True,0.0,0,1.0,0.0,1.0,1.0,1.0,0.0,0.0,0.0,1.0000000000000009,False,False,,,,,,,,,,,,,,,,,,,
train,535.png,3302,2729,3302,2729,True,0.0,0,1.0,0.0,1.0,1.0,1.0,0.0,0.0,0.0,1.000000000000001,False,False,,,,,,,,,,,,,,,,,,,
train,537.png,2978,2770,2978,2770,True,0.0,0,1.0,0.0,1.0,1.0,1.0,0.0,0.0,0.0,1.0000000000000013,False,False,,,,,,,,,,,,,,,,,,,
train,540.png,2978,2771,2978,2771,True,0.0,0,1.0,0.0,1.0,1.0,1.0,0.0,0.0,0.0,0.9999999999999964,False,False,,,,,,,,,,,,,,,,,,,
train,546.png,3312,3143,3312,3143,True,0.0,0,1.0,0.0,1.0,1.0,1.0,0.0,0.0,0.0,1.000000000000003,False,False,,,,,,,,,,,,,,,,,,,
train,548.png,3312,3143,3312,3143,True,0.0,0,1.0,0.0,1.0,1.0,1.0,0.0,0.0,0.0,0.9999999999999999,False,False,,,,,,,,,,,,,,,,,,,
train,556.png,2978,2770,2978,2770,True,0.0,0,1.0,0.0,1.0,1.0,1.0,0.0,0.0,0.0,0.9999999999999976,False,False,,,,,,,,,,,,,,,,,,,
train,557.png,2978,2770,2978,2770,True,0.0,0,1.0,0.0,1.0,1.0,1.0,0.0,0.0,0.0,0.9999999999999962,False,False,,,,,,,,,,,,,,,,,,,
train,559.png,2978,2771,2978,2771,True,0.0,0,1.0,0.0,1.0,1.0,1.0,0.0,0.0,0.0,1.0000000000000009,False,False,,,,,,,,,,,,,,,,,,,
train,561.png,2978,2770,2978,2770,True,0.0,0,1.0,0.0,1.0,1.0,1.0,0.0,0.0,0.0,1.0000000000000004,False,False,,,,,,,,,,,,,,,,,,,
train,562.png,3313,3142,3313,3142,True,0.0,0,1.0,0.0,1.0,1.0,1.0,0.0,0.0,0.0,1.0000000000000038,False,False,,,,,,,,,,,,,,,,,,,
train,568.png,3313,3142,3313,3142,True,0.0,0,1.0,0.0,1.0,1.0,1.0,0.0,0.0,0.0,1.000000000000005,False,False,,,,,,,,,,,,,,,,,,,
holdout40,569.png,3312,3142,3312,3142,True,0.0,0,1.0,0.0,1.0,1.0,1.0,0.0,0.0,0.0,1.0000000000000007,False,False,,,,,,,,,,,,,,,,,,,
train,574.png,2977,2769,2977,2769,True,0.0,0,1.0,0.0,1.0,1.0,1.0,0.0,0.0,0.0,0.9999999999999997,False,False,,,,,,,,,,,,,,,,,,,
train,575.png,2977,2770,2977,2770,True,0.0,0,1.0,0.0,1.0,1.0,1.0,0.0,0.0,0.0,1.0000000000000027,False,False,,,,,,,,,,,,,,,,,,,
train,579.png,2977,2770,2977,2770,True,0.0,0,1.0,0.0,1.0,1.0,1.0,0.0,0.0,0.0,0.9999999999999968,False,False,,,,,,,,,,,,,,,,,,,
train,584.png,2978,2771,2978,2771,True,0.0,0,1.0,0.0,1.0,1.0,1.0,0.0,0.0,0.0,0.9999999999999991,False,False,,,,,,,,,,,,,,,,,,,
train,587.png,3312,3142,3312,3142,True,0.0,0,1.0,0.0,1.0,1.0,1.0,0.0,0.0,0.0,0.9999999999999952,False,False,,,,,,,,,,,,,,,,,,,
train,594.png,2976,2770,2976,2770,True,0.0,0,1.0,0.0,1.0,1.0,1.0,0.0,0.0,0.0,0.9999999999999982,False,False,,,,,,,,,,,,,,,,,,,
train,598.png,2977,2770,2977,2770,True,0.0,0,1.0,0.0,1.0,1.0,1.0,0.0,0.0,0.0,0.999999999999999,False,False,,,,,,,,,,,,,,,,,,,
train,600.png,3313,3142,3313,3142,True,0.0,0,1.0,0.0,1.0,1.0,1.0,0.0,0.0,0.0,0.999999999999998,False,False,,,,,,,,,,,,,,,,,,,
train,604.png,2979,2771,2979,2771,True,0.0,0,1.0,0.0,1.0,1.0,1.0,0.0,0.0,0.0,0.9999999999999977,False,False,,,,,,,,,,,,,,,,,,,
train,609.png,2976,2769,2976,2769,True,0.0,0,1.0,0.0,1.0,1.0,1.0,0.0,0.0,0.0,1.0000000000000007,False,False,,,,,,,,,,,,,,,,,,,
train,610.png,2976,2769,2976,2769,True,0.0,0,1.0,0.0,1.0,1.0,1.0,0.0,0.0,0.0,1.0000000000000078,False,False,,,,,,,,,,,,,,,,,,,
train,613.png,2977,2769,2977,2769,True,0.0,0,1.0,0.0,1.0,1.0,1.0,0.0,0.0,0.0,1.000000000000007,False,False,,,,,,,,,,,,,,,,,,,
train,614.png,2977,2770,2977,2770,True,0.0,0,1.0,0.0,1.0,1.0,1.0,0.0,0.0,0.0,1.0000000000000002,False,False,,,,,,,,,,,,,,,,,,,
train,615.png,2977,2770,2977,2770,True,0.0,0,1.0,0.0,1.0,1.0,1.0,0.0,0.0,0.0,1.0000000000000007,False,False,,,,,,,,,,,,,,,,,,,
train,619.png,2978,2771,2978,2771,True,0.0,0,1.0,0.0,1.0,1.0,1.0,0.0,0.0,0.0,1.0000000000000004,False,False,,,,,,,,,,,,,,,,,,,
train,621.png,2978,2771,2978,2771,True,0.0,0,1.0,0.0,1.0,1.0,1.0,0.0,0.0,0.0,1.0000000000000022,False,False,,,,,,,,,,,,,,,,,,,
train,665.png,2976,2770,2976,2770,True,0.0,0,1.0,0.0,1.0,1.0,1.0,0.0,0.0,0.0,1.000000000000002,False,False,,,,,,,,,,,,,,,,,,,
train,669.png,2976,2770,2976,2770,True,0.0,0,1.0,0.0,1.0,1.0,1.0,0.0,0.0,0.0,1.0000000000000056,False,False,,,,,,,,,,,,,,,,,,,
train,711.png,2976,2769,2976,2769,True,0.0,0,1.0,0.0,1.0,1.0,1.0,0.0,0.0,0.0,1.0000000000000013,False,False,,,,,,,,,,,,,,,,,,,
holdout40,712.png,2753,2767,2753,2767,True,0.0,0,1.0,0.0,1.0,1.0,1.0,0.0,0.0,0.0,1.000000000000006,False,False,,,,,,,,,,,,,,,,,,,
train,716.png,3290,3217,3290,3217,True,0.0,0,1.0,0.0,1.0,1.0,1.0,0.0,0.0,0.0,1.000000000000003,False,False,,,,,,,,,,,,,,,,,,,
holdout40,72.png,2872,2728,2872,2728,True,0.0,0,1.0,0.0,1.0,1.0,1.0,0.0,0.0,0.0,1.0000000000000024,False,False,,,,,,,,,,,,,,,,,,,
train,724.png,5119,3022,5119,3022,True,0.0,0,1.0,0.0,1.0,1.0,1.0,0.0,0.0,0.0,0.9999999999999948,False,False,,,,,,,,,,,,,,,,,,,
train,73.png,3375,2713,3375,2713,True,0.0,0,1.0,0.0,1.0,1.0,1.0,0.0,0.0,0.0,1.0000000000000009,False,False,,,,,,,,,,,,,,,,,,,
train,74.png,3376,2713,3376,2713,True,0.0,0,1.0,0.0,1.0,1.0,1.0,0.0,0.0,0.0,0.9999999999999956,False,False,,,,,,,,,,,,,,,,,,,
train,741.png,3290,3217,3290,3217,True,0.0,0,1.0,0.0,1.0,1.0,1.0,0.0,0.0,0.0,0.9999999999999983,False,False,,,,,,,,,,,,,,,,,,,
holdout40,752.png,2977,2771,2977,2771,True,0.0,0,1.0,0.0,1.0,1.0,1.0,0.0,0.0,0.0,0.9999999999999949,False,False,,,,,,,,,,,,,,,,,,,
train,756.png,3290,3217,3290,3217,True,0.0,0,1.0,0.0,1.0,1.0,1.0,0.0,0.0,0.0,0.9999999999999992,False,False,,,,,,,,,,,,,,,,,,,
train,760.png,3290,3217,3290,3217,True,0.0,0,1.0,0.0,1.0,1.0,1.0,0.0,0.0,0.0,0.9999999999999948,False,False,,,,,,,,,,,,,,,,,,,
train,763.png,2975,2769,2975,2769,True,0.0,0,1.0,0.0,1.0,1.0,1.0,0.0,0.0,0.0,0.999999999999997,False,False,,,,,,,,,,,,,,,,,,,
train,764.png,2773,2678,2773,2678,True,0.0,0,1.0,0.0,1.0,1.0,1.0,0.0,0.0,0.0,1.000000000000004,False,False,,,,,,,,,,,,,,,,,,,
train,766.png,2975,2769,2975,2769,True,0.0,0,1.0,0.0,1.0,1.0,1.0,0.0,0.0,0.0,0.9999999999999968,False,False,,,,,,,,,,,,,,,,,,,
train,767.png,2772,2678,2772,2678,True,0.0,0,1.0,0.0,1.0,1.0,1.0,0.0,0.0,0.0,1.0000000000000016,False,False,,,,,,,,,,,,,,,,,,,
train,772.png,2773,2679,2773,2679,True,0.0,0,1.0,0.0,1.0,1.0,1.0,0.0,0.0,0.0,0.9999999999999972,False,False,,,,,,,,,,,,,,,,,,,
train,774.png,2773,2678,2773,2678,True,0.0,0,1.0,0.0,1.0,1.0,1.0,0.0,0.0,0.0,0.9999999999999977,False,False,,,,,,,,,,,,,,,,,,,
train,781.png,3290,3217,3290,3217,True,0.0,0,1.0,0.0,1.0,1.0,1.0,0.0,0.0,0.0,1.000000000000002,False,False,,,,,,,,,,,,,,,,,,,
train,788.png,3291,3217,3291,3217,True,0.0,0,1.0,0.0,1.0,1.0,1.0,0.0,0.0,0.0,1.000000000000004,False,False,,,,,,,,,,,,,,,,,,,
train,79.png,3375,2713,3375,2713,True,0.0,0,1.0,0.0,1.0,1.0,1.0,0.0,0.0,0.0,0.9999999999999988,False,False,,,,,,,,,,,,,,,,,,,
train,794.png,2976,2770,2976,2770,True,0.0,0,1.0,0.0,1.0,1.0,1.0,0.0,0.0,0.0,1.0000000000000018,False,False,,,,,,,,,,,,,,,,,,,
train,825.png,3291,3217,3291,3217,True,0.0,0,1.0,0.0,1.0,1.0,1.0,0.0,0.0,0.0,0.9999999999999972,False,False,,,,,,,,,,,,,,,,,,,
train,837.png,2975,2770,2975,2770,True,0.0,0,1.0,0.0,1.0,1.0,1.0,0.0,0.0,0.0,0.9999999999999969,False,False,,,,,,,,,,,,,,,,,,,
train,84.png,3372,2710,3372,2710,True,0.0,0,1.0,0.0,1.0,1.0,1.0,0.0,0.0,0.0,1.0000000000000022,False,False,,,,,,,,,,,,,,,,,,,
train,847.png,3291,3217,3291,3217,True,0.0,0,1.0,0.0,1.0,1.0,1.0,0.0,0.0,0.0,0.9999999999999999,False,False,,,,,,,,,,,,,,,,,,,
train,86.png,3377,2713,3377,2713,True,0.0,0,1.0,0.0,1.0,1.0,1.0,0.0,0.0,0.0,0.9999999999999983,False,False,,,,,,,,,,,,,,,,,,,
train,860.png,3290,3217,3290,3217,True,0.0,0,1.0,0.0,1.0,1.0,1.0,0.0,0.0,0.0,1.000000000000004,False,False,,,,,,,,,,,,,,,,,,,
train,862.png,3290,3217,3290,3217,True,0.0,0,1.0,0.0,1.0,1.0,1.0,0.0,0.0,0.0,0.9999999999999967,False,False,,,,,,,,,,,,,,,,,,,
train,871.png,3911,3018,3911,3018,True,0.0,0,1.0,0.0,1.0,1.0,1.0,0.0,0.0,0.0,1.0000000000000013,False,False,,,,,,,,,,,,,,,,,,,
train,88.png,3377,2714,3377,2714,True,0.0,0,1.0,0.0,1.0,1.0,1.0,0.0,0.0,0.0,1.0000000000000009,False,False,,,,,,,,,,,,,,,,,,,
train,880.png,3291,3217,3291,3217,True,0.0,0,1.0,0.0,1.0,1.0,1.0,0.0,0.0,0.0,1.0000000000000009,False,False,,,,,,,,,,,,,,,,,,,
train,883.png,2975,2770,2975,2770,True,0.0,0,1.0,0.0,1.0,1.0,1.0,0.0,0.0,0.0,0.9999999999999979,False,False,,,,,,,,,,,,,,,,,,,
train,884.png,3291,3217,3291,3217,True,0.0,0,1.0,0.0,1.0,1.0,1.0,0.0,0.0,0.0,1.0000000000000013,False,False,,,,,,,,,,,,,,,,,,,
train,885.png,2975,2770,2975,2770,True,0.0,0,1.0,0.0,1.0,1.0,1.0,0.0,0.0,0.0,0.9999999999999994,False,False,,,,,,,,,,,,,,,,,,,
train,893.png,3912,3018,3912,3018,True,0.0,0,1.0,0.0,1.0,1.0,1.0,0.0,0.0,0.0,0.9999999999999973,False,False,,,,,,,,,,,,,,,,,,,
train,90.png,3373,2710,3373,2710,True,0.0,0,1.0,0.0,1.0,1.0,1.0,0.0,0.0,0.0,1.0000000000000024,False,False,,,,,,,,,,,,,,,,,,,
train,903.png,3291,3217,3291,3217,True,0.0,0,1.0,0.0,1.0,1.0,1.0,0.0,0.0,0.0,0.9999999999999992,False,False,,,,,,,,,,,,,,,,,,,
train,905.png,3291,3217,3291,3217,True,0.0,0,1.0,0.0,1.0,1.0,1.0,0.0,0.0,0.0,1.0000000000000042,False,False,,,,,,,,,,,,,,,,,,,
train,907.png,3291,3218,3291,3218,True,0.0,0,1.0,0.0,1.0,1.0,1.0,0.0,0.0,0.0,1.000000000000001,False,False,,,,,,,,,,,,,,,,,,,
train,91.png,3377,2713,3377,2713,True,0.0,0,1.0,0.0,1.0,1.0,1.0,0.0,0.0,0.0,1.0000000000000029,False,False,,,,,,,,,,,,,,,,,,,
train,910.png,2975,2770,2975,2770,True,0.0,0,1.0,0.0,1.0,1.0,1.0,0.0,0.0,0.0,1.0000000000000007,False,False,,,,,,,,,,,,,,,,,,,
train,914.png,2975,2771,2975,2771,True,0.0,0,1.0,0.0,1.0,1.0,1.0,0.0,0.0,0.0,1.000000000000002,False,False,,,,,,,,,,,,,,,,,,,
holdout40,926.png,2975,2770,2975,2770,True,0.0,0,1.0,0.0,1.0,1.0,1.0,0.0,0.0,0.0,0.9999999999999977,False,False,,,,,,,,,,,,,,,,,,,
train,928.png,2975,2770,2975,2770,True,0.0,0,1.0,0.0,1.0,1.0,1.0,0.0,0.0,0.0,1.000000000000001,False,False,,,,,,,,,,,,,,,,,,,
train,930.png,2975,2771,2975,2771,True,0.0,0,1.0,0.0,1.0,1.0,1.0,0.0,0.0,0.0,1.0000000000000042,False,False,,,,,,,,,,,,,,,,,,,
train,97.png,3378,2713,3378,2713,True,0.0,0,1.0,0.0,1.0,1.0,1.0,0.0,0.0,0.0,1.0000000000000024,False,False,,,,,,,,,,,,,,,,,,,
train,986.png,2975,2770,2975,2770,True,0.0,0,1.0,0.0,1.0,1.0,1.0,0.0,0.0,0.0,0.9999999999999976,False,False,,,,,,,,,,,,,,,,,,,
val,1181.png,2893,2892,2893,2892,True,0.0,0,1.0,0.0,1.0,1.0,1.0,0.0,0.0,0.0,1.0000000000000027,False,False,,,,,,,,,,,,,,,,,,,
val,1206.png,2892,2891,2892,2891,True,0.0,0,1.0,0.0,1.0,1.0,1.0,0.0,0.0,0.0,1.0000000000000004,False,False,,,,,,,,,,,,,,,,,,,
val,1211.png,2893,2892,2893,2892,True,0.0,0,1.0,0.0,1.0,1.0,1.0,0.0,0.0,0.0,0.999999999999994,False,False,,,,,,,,,,,,,,,,,,,
val,1362.png,3698,3049,3698,3049,True,0.0,0,1.0,0.0,1.0,1.0,1.0,0.0,0.0,0.0,0.9999999999999994,False,False,,,,,,,,,,,,,,,,,,,
val,1399.png,3294,3059,3294,3059,False,6.618087548799932,117,0.0011972594033591146,-0.17310848595314,0.49904186421515323,0.2544562210513005,0.5111582143056953,1.2949490817405436,-0.8250544393771313,-0.8308481070419773,0.5184216346309658,False,False,,,,,,,,,,,,,,,,,,,
val,1447.png,2957,2814,2957,2814,True,0.0,0,1.0,0.0,1.0,1.0,1.0,0.0,0.0,0.0,1.0000000000000002,False,False,,,,,,,,,,,,,,,,,,,
val,1456.png,2957,2813,2957,2813,True,0.0,0,1.0,0.0,1.0,1.0,1.0,0.0,0.0,0.0,0.9999999999999964,False,False,,,,,,,,,,,,,,,,,,,
val,1457.png,3070,2810,3070,2810,True,0.0,0,1.0,0.0,1.0,1.0,1.0,0.0,0.0,0.0,1.0000000000000013,False,False,,,,,,,,,,,,,,,,,,,
val,1530.png,3237,3219,3237,3219,True,0.0,0,1.0,0.0,1.0,1.0,1.0,0.0,0.0,0.0,1.0000000000000036,False,False,,,,,,,,,,,,,,,,,,,
val,1929.png,4979,3183,4979,3183,True,0.0,0,1.0,0.0,1.0,1.0,1.0,0.0,0.0,0.0,1.0000000000000007,False,False,,,,,,,,,,,,,,,,,,,
val,20.png,3093,2931,3093,2931,True,0.0,0,1.0,0.0,1.0,1.0,1.0,0.0,0.0,0.0,1.0000000000000018,False,False,,,,,,,,,,,,,,,,,,,
val,2139.png,3134,2992,3134,2992,False,10.240506592350927,72,4.351105180715902e-05,3.115399414392428,1.4103655815533889,1.9846207131038416,1.2981771893020078,6.0672894150408325,2.1945082653935275,0.12146590013275137,1.7438153803219207,False,False,,,,,,,,,,,,,,,,,,,
val,2292.png,3596,2726,3596,2726,False,8.090982895589812,175,9.599400001795424e-05,0.010099262488601823,0.9223745774830729,1.4059805713531868,2.729577741359106,0.0107676500423965,0.01030206384039656,0.009174720913511956,0.9104496673164236,False,False,,,,,,,,,,,,,,,,,,,
val,2293.png,3597,2726,3597,2726,True,0.0,0,1.0,0.0,1.0,1.0,1.0,0.0,0.0,0.0,1.0000000000000044,False,False,,,,,,,,,,,,,,,,,,,
val,2308.png,7204,5458,3602,2729,False,1.419823121215654,122,0.10851489411139001,0.4911145206777121,1.0129039016007524,1.444032537866899,0.9932039050978828,0.5442606597165494,0.44820281228884484,0.5751240760548118,0.990856924496465,False,True,2.36776254380616,2.2852666081239423,1.753301387127532,2.36776254380616,1.7346787037344114,lanczos,False,1.7346787037344114,120.0,0.09284340628318334,0.36082258258461053,1.0215524227269503,2.3306809630078145,1.3180875971904595,0.4158742425373795,0.3169727629839617,0.44294103739850565,0.9991790157594489,False
val,2384.png,1369,1334,2739,2668,False,3.4722813839520548,184,0.06863408383431505,-0.0957410122977933,0.9651029336881036,0.07465813914816759,0.15835856029960108,-0.0998435612423799,-0.09700557716760459,-0.09029644542460424,0.9458428978109491,False,True,4.774064757248841,1.0720687866439316,2.098643337206488,0.6844605454759837,2.318895336845821,area,False,0.6844605454759837,56.0,0.28444360726868123,0.0024027431134712174,1.0016192742112078,0.865065692201616,0.8477117897419951,0.0020769381561958245,0.002243399848651277,0.0030280696028903006,1.003831554812552,False
val,2391.png,7072,5932,3536,2966,False,1.5427508494969127,159,0.0845776073020629,0.5831999081597417,0.9963216570484404,1.0475294749383797,0.9079302764295077,0.6294883681726231,0.5450958334731787,0.6604763488465047,0.9879407146276706,False,True,2.8520535717009974,2.5055036612782984,1.938218940157888,2.8520535717009974,1.86986473586011,lanczos,False,1.86986473586011,137.0,0.07148596137064712,0.45235560427683197,1.0060083871760561,1.760810547079238,1.2957654307853226,0.502118656996488,0.41346873731856976,0.5250066362973428,1.0048854542024719,False
val,2460.png,1596,1598,3193,3196,False,1.8674031873279326,113,0.08721597267489467,-0.06967172793113718,0.9788958294429304,0.027565920665114575,0.12398216920050227,-0.07597590081871052,-0.07055395740133984,-0.06270747532442487,0.953499458396859,False,True,2.023373384441496,0.6573437138946657,1.220351149044911,0.3702424605527168,1.464941034271118,area,False,0.3702424605527168,27.0,0.3536469459004206,0.0021082901245605967,0.9996740121880614,0.7445515418321308,0.744873362803939,0.0023270786478085076,0.0019671362385939818,0.002727406752174554,0.9971986627878714,False
val,2470.png,3193,3196,3193,3196,True,0.0,0,1.0,0.0,1.0,1.0,1.0,0.0,0.0,0.0,1.0000000000000018,False,False,,,,,,,,,,,,,,,,,,,
val,2472.png,3193,3196,3193,3196,True,0.0,0,1.0,0.0,1.0,1.0,1.0,0.0,0.0,0.0,1.0000000000000049,False,False,,,,,,,,,,,,,,,,,,,
val,2543.png,2912,2428,2912,2428,False,9.294628383526138,194,0.00010112673570251824,-0.002154777368431837,0.9537269306282813,0.6563765053553101,1.7204746403901188,-0.012959638693267194,-0.0028681805221138007,0.025825505322519326,0.9393551338941627,False,False,,,,,,,,,,,,,,,,,,,
val,31.png,3094,2932,3094,2932,True,0.0,0,1.0,0.0,1.0,1.0,1.0,0.0,0.0,0.0,1.0000000000000009,False,False,,,,,,,,,,,,,,,,,,,
