epoch,checkpoint,weights_sha256,mAP50,AP50 Cargo Truck,AP50 Truck w/Box,AP50 Truck w/Flatbed,AP50 Truck Tractor,AP50 Truck w/Liquid
10,epoch010.pt,cf8036891e9b1990c6dd7e5f41b47512c2e10e3f6f9b2a9f05fb4530f575876b,0.02972482987007493,0.05174341486885766,0.04950729598125471,0.025158858864244838,0.02221457963601743,0.0
20,epoch020.pt,9c5a9aa66a01882a86f8ebd5e296eec0a788dcff8eba5eace7c496cde008bdd3,0.06865298934158662,0.10493232633746295,0.16870976992501013,0.045542249026823675,0.02408060141863631,0.0
30,epoch030.pt,04bd18d32bb4f3f87a42a3a70cb5aa62b1eed14e07adfe8da7d0bdff91be0aa2,0.058476182744987046,0.11182611211408955,0.1160312887573887,0.050044249697385954,0.014479263156071025,0.0
40,epoch040.pt,501467e3b18208a3ee94c966b289ff71b0448d8d193c16d3021049fd2d634c80,0.062395121479117244,0.12454388090477088,0.1277525099943603,0.05620946380918732,0.003469752687267705,0.0
50,epoch050.pt,704ee9fc285f06290b12bd92f92351912f1117cc46e519b7f6fa46666c3745e3,0.06559862929772596,0.11707537848822981,0.12831967631758737,0.0529459171018085,0.01986766671845315,0.00978450786255096
60,epoch060.pt,a4cffd72c5cfd2a22b864e44972cfc095e2fc14880c1f99a773aa2a22fd3a593,0.0670349409239127,0.09638742572486163,0.07862636783319883,0.04462426813409024,0.0018349501774926253,0.11370169274992016
70,epoch070.pt,c48f8388e3fd616729b78620ab38f69818f98cd930bc95fb54b0b8c0774b243f,0.07219472404502064,0.12223149244944148,0.1691417825336872,0.06071792656288066,0.0049220226394898845,0.0039603960396039604
80,epoch080.pt,69415fe0e908e7c4fd2aa4253871f4759668776d5b8387d778fa80934b82dfb0,0.08651431137751632,0.10425383059465484,0.1470235188235196,0.061927372580331166,0.0022051187174588096,0.11716171617161715
90,epoch090.pt,9d79d5c0fb14aacee8863e4a2bb3416578a07fad4059206b26a2ef05e4276735,0.10008902287581174,0.11637292479429359,0.19789411716728061,0.07049261464763164,0.00471186041011691,0.11097359735973596
100,epoch100.pt,79b3d6f5c13fb4179e24282f0cb706a4d4c05a8650e135ce644872fa50c6216a,0.08424694878426905,0.09109088375846444,0.16242597472271297,0.05711332117973382,0.0031363612997870817,0.10746820296064694
110,epoch110.pt,8e57ef1da11d9e89ec33c1bb4a8ec3102714a4229fbcb07524bb4b3bd2364664,0.06938093882488965,0.10401397051348253,0.16154638788326772,0.050201970287094326,0.0004328301682627279,0.030709535272340948
120,epoch120.pt,85b2a2de7523fe0b871a53c8e943ccaa50dc17770fc9dde8ea840f1416c43e18,0.06308653781994335,0.08661798422250251,0.17653066828580155,0.03763702811309989,0.0009569216644802253,0.013690086813832561
130,epoch130.pt,6abab67bf38f9bab937d21fe733aa6ec08721f3320cb57427191b2a2a4c7a126,0.0708936131329431,0.08792014437575231,0.16934971563505358,0.03567214327495811,0.001372010967263646,0.060154051411687816
140,epoch140.pt,504f9af1c06a68d2fa63878c7d2c462a01ed797bdbcd9f6040e39f7c2d94b369,0.06712324514043233,0.08052438124901164,0.16898050010775206,0.02256868870997135,0.00043401600434016,0.0631086396310864
145,last.pt,34a0f68696d39f9da9bc8d5ab1e3e9c1989ea4910d318d202e0e2dfac727204f,0.06797520598834438,0.08489542977236875,0.1770296532610868,0.024434436018324616,0.0006155184846215714,0.0529009924053202
