threshold_set,size_bin,cls,n,n_err,rate
conf0.25,"[0, 8)",Cargo Truck,40,40,1.0
conf0.25,"[0, 8)",Truck w/Box,0,0,
conf0.25,"[0, 8)",Truck w/Flatbed,0,0,
conf0.25,"[0, 8)",Truck Tractor,4,4,1.0
conf0.25,"[0, 8)",Truck w/Liquid,0,0,
conf0.25,"[8, 16)",Cargo Truck,156,153,0.9807692307692307
conf0.25,"[8, 16)",Truck w/Box,35,35,1.0
conf0.25,"[8, 16)",Truck w/Flatbed,10,10,1.0
conf0.25,"[8, 16)",Truck Tractor,17,17,1.0
conf0.25,"[8, 16)",Truck w/Liquid,1,1,1.0
conf0.25,"[16, 24)",Cargo Truck,256,250,0.9765625
conf0.25,"[16, 24)",Truck w/Box,89,87,0.9775280898876404
conf0.25,"[16, 24)",Truck w/Flatbed,23,23,1.0
conf0.25,"[16, 24)",Truck Tractor,53,53,1.0
conf0.25,"[16, 24)",Truck w/Liquid,5,5,1.0
conf0.25,"[24, 32)",Cargo Truck,220,213,0.9681818181818181
conf0.25,"[24, 32)",Truck w/Box,99,96,0.9696969696969697
conf0.25,"[24, 32)",Truck w/Flatbed,45,42,0.9333333333333333
conf0.25,"[24, 32)",Truck Tractor,26,26,1.0
conf0.25,"[24, 32)",Truck w/Liquid,2,2,1.0
conf0.25,"[32, 48)",Cargo Truck,117,115,0.9829059829059829
conf0.25,"[32, 48)",Truck w/Box,215,203,0.9441860465116279
conf0.25,"[32, 48)",Truck w/Flatbed,43,43,1.0
conf0.25,"[32, 48)",Truck Tractor,17,17,1.0
conf0.25,"[32, 48)",Truck w/Liquid,5,5,1.0
conf0.25,"[48, 96)",Cargo Truck,10,10,1.0
conf0.25,"[48, 96)",Truck w/Box,55,54,0.9818181818181818
conf0.25,"[48, 96)",Truck w/Flatbed,1,1,1.0
conf0.25,"[48, 96)",Truck Tractor,0,0,
conf0.25,"[48, 96)",Truck w/Liquid,7,7,1.0
conf0.25,"[96, inf)",Cargo Truck,1,1,1.0
conf0.25,"[96, inf)",Truck w/Box,0,0,
conf0.25,"[96, inf)",Truck w/Flatbed,0,0,
conf0.25,"[96, inf)",Truck Tractor,0,0,
conf0.25,"[96, inf)",Truck w/Liquid,0,0,
f1opt,"[0, 8)",Cargo Truck,40,40,1.0
f1opt,"[0, 8)",Truck w/Box,0,0,
f1opt,"[0, 8)",Truck w/Flatbed,0,0,
f1opt,"[0, 8)",Truck Tractor,4,4,1.0
f1opt,"[0, 8)",Truck w/Liquid,0,0,
f1opt,"[8, 16)",Cargo Truck,156,137,0.8782051282051282
f1opt,"[8, 16)",Truck w/Box,35,34,0.9714285714285714
f1opt,"[8, 16)",Truck w/Flatbed,10,10,1.0
f1opt,"[8, 16)",Truck Tractor,17,17,1.0
f1opt,"[8, 16)",Truck w/Liquid,1,1,1.0
f1opt,"[16, 24)",Cargo Truck,256,222,0.8671875
f1opt,"[16, 24)",Truck w/Box,89,82,0.9213483146067416
f1opt,"[16, 24)",Truck w/Flatbed,23,21,0.9130434782608695
f1opt,"[16, 24)",Truck Tractor,53,53,1.0
f1opt,"[16, 24)",Truck w/Liquid,5,5,1.0
f1opt,"[24, 32)",Cargo Truck,220,187,0.85
f1opt,"[24, 32)",Truck w/Box,99,95,0.9595959595959596
f1opt,"[24, 32)",Truck w/Flatbed,45,38,0.8444444444444444
f1opt,"[24, 32)",Truck Tractor,26,25,0.9615384615384616
f1opt,"[24, 32)",Truck w/Liquid,2,2,1.0
f1opt,"[32, 48)",Cargo Truck,117,103,0.8803418803418803
f1opt,"[32, 48)",Truck w/Box,215,194,0.9023255813953488
f1opt,"[32, 48)",Truck w/Flatbed,43,38,0.8837209302325582
f1opt,"[32, 48)",Truck Tractor,17,17,1.0
f1opt,"[32, 48)",Truck w/Liquid,5,5,1.0
f1opt,"[48, 96)",Cargo Truck,10,10,1.0
f1opt,"[48, 96)",Truck w/Box,55,50,0.9090909090909091
f1opt,"[48, 96)",Truck w/Flatbed,1,1,1.0
f1opt,"[48, 96)",Truck Tractor,0,0,
f1opt,"[48, 96)",Truck w/Liquid,7,7,1.0
f1opt,"[96, inf)",Cargo Truck,1,1,1.0
f1opt,"[96, inf)",Truck w/Box,0,0,
f1opt,"[96, inf)",Truck w/Flatbed,0,0,
f1opt,"[96, inf)",Truck Tractor,0,0,
f1opt,"[96, inf)",Truck w/Liquid,0,0,
