run,class_name,n_train,holdout_n_gt,AP50
b1h_f25,Cargo Truck,893,321,0.0181446015758408
b1h_f25,Truck w/Box,475,297,0.2363992132168455
b1h_f25,Truck w/Flatbed,159,56,0.0339462517680339
b1h_f25,Truck Tractor,87,35,0.0
b1h_f25,Truck w/Liquid,36,29,0.0145618285232778
b1h_f50,Cargo Truck,1758,321,0.0512874365432312
b1h_f50,Truck w/Box,848,297,0.3712425995641469
b1h_f50,Truck w/Flatbed,285,56,0.0142756775437377
b1h_f50,Truck Tractor,205,35,0.0
b1h_f50,Truck w/Liquid,86,29,0.0373851436012087
b1h_f50_seed1,Cargo Truck,1758,321,0.0317278913835782
b1h_f50_seed1,Truck w/Box,848,297,0.3451100876728945
b1h_f50_seed1,Truck w/Flatbed,285,56,0.0212068634332614
b1h_f50_seed1,Truck Tractor,205,35,0.0021433276044097
b1h_f50_seed1,Truck w/Liquid,86,29,0.0079507950795079
b1h_f75,Cargo Truck,2599,321,0.0493051841447153
b1h_f75,Truck w/Box,1457,297,0.4218213412326977
b1h_f75,Truck w/Flatbed,371,56,0.0379973997876858
b1h_f75,Truck Tractor,290,35,0.0009431890769722
b1h_f75,Truck w/Liquid,125,29,0.0124483211907524
b1h_f75_seed1,Cargo Truck,2599,321,0.0620204861969442
b1h_f75_seed1,Truck w/Box,1457,297,0.438580479598765
b1h_f75_seed1,Truck w/Flatbed,371,56,0.0327993818207136
b1h_f75_seed1,Truck Tractor,290,35,0.0347109264497878
b1h_f75_seed1,Truck w/Liquid,125,29,0.0467947002600468
b1h_tile1024_holdout40,Cargo Truck,3452,321,0.0956300582639755
b1h_tile1024_holdout40,Truck w/Box,2069,297,0.5089458621621022
b1h_tile1024_holdout40,Truck w/Flatbed,606,56,0.0692209882519913
b1h_tile1024_holdout40,Truck Tractor,590,35,0.0070414035585846
b1h_tile1024_holdout40,Truck w/Liquid,163,29,0.0725541577855922
b1h_seed1,Cargo Truck,3452,321,0.0922386790625116
b1h_seed1,Truck w/Box,2069,297,0.4963459317904705
b1h_seed1,Truck w/Flatbed,606,56,0.0769202932697037
b1h_seed1,Truck Tractor,590,35,0.0010203310407376
b1h_seed1,Truck w/Liquid,163,29,0.0
