run,n_images,seed,split,metric,value,ci95_lo,ci95_hi
b1h_f25,101,0,val,mAP50,0.01693627205021181,0.01060834931421126,0.029187491571906112
b1h_f25,101,0,val,AP50_agnostic,0.058673041665189274,0.03837505011792181,0.08853021748781914
b1h_f25,101,0,val,AP50 Cargo Truck,0.034534379231265594,0.018186952943203768,0.04830671082593242
b1h_f25,101,0,val,AP50 Truck w/Box,0.028179443079123578,0.012440691610955748,0.06344294441585441
b1h_f25,101,0,val,AP50 Truck w/Flatbed,0.02185991848307193,0.0024744112924805993,0.06412065095222633
b1h_f25,101,0,val,AP50 Truck Tractor,0.00010761945759793371,0.0,0.001188118811881188
b1h_f25,101,0,val,AP50 Truck w/Liquid,0.0,0.0,0.0
b1h_f25,101,0,holdout,mAP50,0.060610379016799644,0.01225502675469279,0.08988291594538446
b1h_f25,101,0,holdout,AP50_agnostic,0.15958188143034915,0.02942296538904318,0.3077475259447693
b1h_f25,101,0,holdout,AP50 Cargo Truck,0.018144601575840885,0.009269834240208009,0.04275429085098634
b1h_f25,101,0,holdout,AP50 Truck w/Box,0.2363992132168455,0.009016362023409953,0.35538615221221603
b1h_f25,101,0,holdout,AP50 Truck w/Flatbed,0.033946251768033946,0.0,0.13462839141056965
b1h_f25,101,0,holdout,AP50 Truck Tractor,0.0,0.0,0.0
b1h_f25,101,0,holdout,AP50 Truck w/Liquid,0.01456182852327786,0.0,0.07695769576957695
b1h_f50,202,0,val,mAP50,0.04919802789747563,0.021543923379902814,0.10783985990948626
b1h_f50,202,0,val,AP50_agnostic,0.1229549635055021,0.08734187223957048,0.16860766134437258
b1h_f50,202,0,val,AP50 Cargo Truck,0.045302849227947195,0.0267590001210942,0.06505586062266532
b1h_f50,202,0,val,AP50 Truck w/Box,0.04840917861476303,0.024295520755566628,0.09066384159285056
b1h_f50,202,0,val,AP50 Truck w/Flatbed,0.020274531491009582,0.002801025085338075,0.05330215106302293
b1h_f50,202,0,val,AP50 Truck Tractor,0.00045132718400045133,0.0,0.00193020838385563
b1h_f50,202,0,val,AP50 Truck w/Liquid,0.13155225296965786,0.0022470104153272472,0.4135582835846934
b1h_f50,202,0,holdout,mAP50,0.09483817145046493,0.02634297677590934,0.12735581264533868
b1h_f50,202,0,holdout,AP50_agnostic,0.232395378316952,0.07748387399752336,0.3879137936496563
b1h_f50,202,0,holdout,AP50 Cargo Truck,0.05128743654323121,0.028781678301815956,0.09353058327239597
b1h_f50,202,0,holdout,AP50 Truck w/Box,0.37124259956414696,0.04072014148344181,0.5110850754412417
b1h_f50,202,0,holdout,AP50 Truck w/Flatbed,0.014275677543737736,0.0016000954632111582,0.05243715241115214
b1h_f50,202,0,holdout,AP50 Truck Tractor,0.0,0.0,0.0
b1h_f50,202,0,holdout,AP50 Truck w/Liquid,0.03738514360120876,0.0,0.11881912533358598
b1h_f75,302,0,val,mAP50,0.08460574716277425,0.04772134222770028,0.14476087423199843
b1h_f75,302,0,val,AP50_agnostic,0.2312521888330692,0.15456890332608728,0.31647217590392707
b1h_f75,302,0,val,AP50 Cargo Truck,0.11888781296244356,0.0662111545262791,0.17057309188506878
b1h_f75,302,0,val,AP50 Truck w/Box,0.1877623867055895,0.03561089035404758,0.3380083831534792
b1h_f75,302,0,val,AP50 Truck w/Flatbed,0.04026100108080215,0.005419639112826372,0.08247653534738794
b1h_f75,302,0,val,AP50 Truck Tractor,0.006983296059740109,0.0008503814155522028,0.025143514607620696
b1h_f75,302,0,val,AP50 Truck w/Liquid,0.06913423900529589,0.0,0.3095123392936307
b1h_f75,302,0,holdout,mAP50,0.10450308708656472,0.028447247176186467,0.14366019284189835
b1h_f75,302,0,holdout,AP50_agnostic,0.2933909157624179,0.10662692610847359,0.468643372484366
b1h_f75,302,0,holdout,AP50 Cargo Truck,0.04930518414471534,0.030040972699301144,0.08130541561746826
b1h_f75,302,0,holdout,AP50 Truck w/Box,0.42182134123269777,0.04457761823081066,0.5722815627996026
b1h_f75,302,0,holdout,AP50 Truck w/Flatbed,0.037997399787685834,0.011492363610647977,0.16544307714298379
b1h_f75,302,0,holdout,AP50 Truck Tractor,0.0009431890769722133,0.0,0.005000539065362035
b1h_f75,302,0,holdout,AP50 Truck w/Liquid,0.012448321190752416,0.0,0.1564394939493949
b1h_tile1024_holdout40,403,0,val,mAP50,0.10645813485684832,0.056306580805385,0.16533039861307816
b1h_tile1024_holdout40,403,0,val,AP50_agnostic,0.255097255519818,0.18381422655080557,0.34072554028693797
b1h_tile1024_holdout40,403,0,val,AP50 Cargo Truck,0.13055128526616727,0.06342047530152495,0.2025704039587207
b1h_tile1024_holdout40,403,0,val,AP50 Truck w/Box,0.1797118712003455,0.034336982948454116,0.32252012687004744
b1h_tile1024_holdout40,403,0,val,AP50 Truck w/Flatbed,0.0710933212814027,0.007327904227073089,0.15469840847567645
b1h_tile1024_holdout40,403,0,val,AP50 Truck Tractor,0.006234012232181463,0.0004627502844624086,0.022154170511969707
b1h_tile1024_holdout40,403,0,val,AP50 Truck w/Liquid,0.1447001843041447,0.0054005400540054005,0.4164543751672462
b1h_tile1024_holdout40,403,0,holdout,mAP50,0.1506784940044492,0.05575536216995718,0.18737191382259083
b1h_tile1024_holdout40,403,0,holdout,AP50_agnostic,0.36172560785212987,0.1325054902700061,0.5418971362526817
b1h_tile1024_holdout40,403,0,holdout,AP50 Cargo Truck,0.09563005826397557,0.0644519162344256,0.13941634294259272
b1h_tile1024_holdout40,403,0,holdout,AP50 Truck w/Box,0.5089458621621022,0.0668054569935029,0.6254542145702872
b1h_tile1024_holdout40,403,0,holdout,AP50 Truck w/Flatbed,0.06922098825199131,0.01981143143528918,0.1875614881587752
b1h_tile1024_holdout40,403,0,holdout,AP50 Truck Tractor,0.007041403558584689,0.0,0.026143472107323044
b1h_tile1024_holdout40,403,0,holdout,AP50 Truck w/Liquid,0.0725541577855922,0.0,0.22380427360577135
b1h_seed1,403,1,val,mAP50,0.06337960750820629,0.042130946920811825,0.09590467734070023
b1h_seed1,403,1,val,AP50_agnostic,0.25883686932190925,0.17888616256915127,0.34824154816887165
b1h_seed1,403,1,val,AP50 Cargo Truck,0.10167285763315324,0.05524090733807154,0.16456968853376625
b1h_seed1,403,1,val,AP50 Truck w/Box,0.12918198268702386,0.024952166311428867,0.23775043765082945
b1h_seed1,403,1,val,AP50 Truck w/Flatbed,0.05328769359754265,0.010855088339546915,0.11368146903671032
b1h_seed1,403,1,val,AP50 Truck Tractor,0.02904263233618292,0.0005075122248817193,0.10628977301397526
b1h_seed1,403,1,val,AP50 Truck w/Liquid,0.0037128712871287127,0.0,0.0324099909990999
b1h_seed1,403,1,holdout,mAP50,0.1333050470326847,0.05062990789149337,0.1660553999393055
b1h_seed1,403,1,holdout,AP50_agnostic,0.3619754365803047,0.14214043758807454,0.5326281906486908
b1h_seed1,403,1,holdout,AP50 Cargo Truck,0.09223867906251167,0.05761832907371293,0.13911194410323866
b1h_seed1,403,1,holdout,AP50 Truck w/Box,0.4963459317904705,0.0792775101133255,0.6162762769276968
b1h_seed1,403,1,holdout,AP50 Truck w/Flatbed,0.07692029326970375,0.008636249200402473,0.2283077516653871
b1h_seed1,403,1,holdout,AP50 Truck Tractor,0.0010203310407376617,0.0,0.003974041974946842
b1h_seed1,403,1,holdout,AP50 Truck w/Liquid,0.0,0.0,0.0
