factor,bin,split,n_gt,n_images,recall_0.001,recall_0.25
density,"[0.0, 10.0)",holdout,118,25,0.8728813559322034,0.2966101694915254
density,"[0.0, 10.0)",val,8,1,1.0,0.0
density,"[10.0, 30.0)",holdout,147,10,0.7959183673469388,0.35374149659863946
density,"[10.0, 30.0)",val,71,4,0.7746478873239436,0.28169014084507044
density,"[100.0, inf)",holdout,343,2,0.9096209912536443,0.6005830903790087
density,"[100.0, inf)",val,674,5,0.7091988130563798,0.314540059347181
density,"[30.0, 60.0)",holdout,130,3,0.7461538461538462,0.14615384615384616
density,"[30.0, 60.0)",val,184,5,0.625,0.16847826086956522
density,"[60.0, 100.0)",val,615,7,0.6113821138211382,0.15934959349593497
megapixels,"[0.0, 6.0)",val,176,2,0.4602272727272727,0.045454545454545456
megapixels,"[12.0, inf)",holdout,70,3,0.8,0.18571428571428572
megapixels,"[12.0, inf)",val,261,3,0.5747126436781609,0.11877394636015326
megapixels,"[6.0, 9.0)",holdout,199,15,0.7939698492462312,0.16080402010050251
megapixels,"[6.0, 9.0)",val,458,7,0.5720524017467249,0.1703056768558952
megapixels,"[9.0, 12.0)",holdout,469,22,0.8848614072494669,0.5692963752665245
megapixels,"[9.0, 12.0)",val,657,10,0.8203957382039574,0.3713850837138508
size,"[0.0, 8.0)",holdout,1,1,0.0,0.0
size,"[0.0, 8.0)",val,44,2,0.11363636363636363,0.022727272727272728
size,"[16.0, 24.0)",holdout,218,34,0.8899082568807339,0.2889908256880734
size,"[16.0, 24.0)",val,426,21,0.647887323943662,0.13615023474178403
size,"[24.0, 32.0)",holdout,233,27,0.9356223175965666,0.648068669527897
size,"[24.0, 32.0)",val,392,19,0.7321428571428571,0.25255102040816324
size,"[32.0, 48.0)",holdout,124,24,0.8951612903225806,0.6290322580645161
size,"[32.0, 48.0)",val,397,18,0.72544080604534,0.38287153652392947
size,"[48.0, 96.0)",holdout,7,3,1.0,0.8571428571428571
size,"[48.0, 96.0)",val,73,11,0.7671232876712328,0.5068493150684932
size,"[8.0, 16.0)",holdout,155,24,0.6387096774193548,0.09032258064516129
size,"[8.0, 16.0)",val,219,17,0.547945205479452,0.0639269406392694
size,"[96.0, inf)",val,1,1,0.0,0.0
