split,image,mean_R,mean_G,mean_B,std_R,std_G,std_B,saturation,sharpness_lapvar,hf_energy,width,height,megapixels
train,1086.png,79.63431549072266,68.01768493652344,60.05040740966797,37.46628189086914,32.78977966308594,31.948091506958008,0.2605681017570102,831.482421875,0.10752338916063309,3195,3216,10.27512
train,130.png,69.48429870605469,43.56898880004883,31.405052185058594,24.622995376586914,16.015644073486328,12.014436721801758,0.5400039492202828,258.6384582519531,0.10756843537092209,3332,3276,10.915632
train,1478.png,73.43169403076172,58.958953857421875,48.3468017578125,21.27047348022461,16.556745529174805,16.893795013427734,0.39093766242163464,212.7862548828125,0.09985153377056122,3281,3217,10.554977
train,1610.png,41.328857421875,32.0233154296875,24.213960647583008,24.18625831604004,18.34119415283203,15.282936096191406,0.411252537185373,278.1422119140625,0.10915238410234451,2960,2814,8.32944
train,1707.png,84.09242248535156,62.33501434326172,46.062660217285156,25.812040328979492,20.343992233276367,17.237945556640625,0.45946263029398804,1279.35498046875,0.38494208455085754,3175,2627,8.340725
train,1820.png,61.32203674316406,58.195213317871094,54.25954055786133,54.36128234863281,51.79170227050781,51.15680694580078,0.1664799874237296,82.40669250488281,0.0032968304585665464,2941,2908,8.552428
train,1945.png,43.621524810791016,38.197723388671875,33.11540222167969,31.66285514831543,28.30434226989746,28.19849967956543,0.30240929440569403,329.9737548828125,0.06515395641326904,4982,3183,15.857706
train,2020.png,34.175086975097656,32.253387451171875,26.236536026000977,27.788522720336914,24.853456497192383,25.385826110839844,0.34120214077061595,132.34823608398438,0.036092448979616165,4994,3186,15.910884
train,2064.png,57.52533721923828,48.14622497558594,37.6135368347168,32.724342346191406,27.543075561523438,24.470144271850586,0.3580770079451739,332.2281494140625,0.07705061137676239,3098,2951,9.142198
train,2150.png,107.08163452148438,105.79895782470703,103.19095611572266,73.06307983398438,67.78643035888672,66.28289031982422,0.1505133301860177,33.18131637573242,0.0007449116092175245,3135,2992,9.37992
train,2359.png,69.89555358886719,52.21706008911133,41.11674499511719,45.59049606323242,38.80801773071289,33.952301025390625,0.4400923045795437,252.62571716308594,0.024064814671874046,3537,2966,10.490742
train,2371.png,53.87324142456055,45.457679748535156,39.57322692871094,38.604496002197266,34.94422912597656,32.92500305175781,0.28065990441141814,576.4735717773438,0.07812436670064926,2739,2667,7.304913
train,2416.png,72.8152847290039,53.579132080078125,42.754310607910156,35.905941009521484,33.213829040527344,30.41781234741211,0.4295652838598582,407.0368347167969,0.06813181936740875,3535,2965,10.481275
train,2459.png,76.39289093017578,63.04981231689453,52.340240478515625,42.482383728027344,40.37224578857422,39.57638168334961,0.3656296296569566,107.66382598876953,0.003255634568631649,3193,3196,10.204828
train,2591.png,66.49803924560547,51.630374908447266,43.2082405090332,46.16264343261719,38.614627838134766,32.906227111816406,0.33087704753556485,685.86767578125,0.0765751376748085,3483,2739,9.539937
train,604.png,94.81266784667969,73.75029754638672,60.8122673034668,15.115802764892578,15.103075981140137,13.543389320373535,0.36171344580391107,113.2458267211914,0.06427862495183945,2979,2771,8.254809
train,610.png,78.27862548828125,64.68778228759766,56.8011589050293,24.30223846435547,18.648786544799805,15.492465019226074,0.26335991372204853,157.38018798828125,0.04306771233677864,2976,2769,8.240544
train,73.png,63.272586822509766,53.2415771484375,41.99658966064453,41.347774505615234,35.11090850830078,32.514652252197266,0.37435515778276196,757.274169921875,0.08532814681529999,3375,2713,9.156375
train,871.png,54.7490348815918,41.13381576538086,30.51020622253418,21.196847915649414,16.5731258392334,14.472245216369629,0.4458070543853259,136.99974060058594,0.07060381770133972,3911,3018,11.803398
train,903.png,55.945220947265625,50.64561080932617,45.01557922363281,39.406002044677734,34.88498306274414,35.30561828613281,0.22612101073047886,156.11561584472656,0.017139039933681488,3291,3217,10.587147
val,1181.png,118.46463775634766,106.61418151855469,99.74908447265625,63.041709899902344,58.984230041503906,58.06597900390625,0.189258571772625,113.80393981933594,0.003736786777153611,2893,2892,8.366556
val,1206.png,85.33020782470703,73.94947052001953,68.1407241821289,31.658706665039062,29.246784210205078,28.837141036987305,0.2252640226684011,287.76263427734375,0.04738027602434158,2892,2891,8.360772
val,1211.png,71.76811981201172,60.636104583740234,52.73615264892578,29.91739273071289,24.826011657714844,23.776792526245117,0.2946633130530557,436.517333984375,0.10013175010681152,2893,2892,8.366556
val,1362.png,67.35956573486328,59.727352142333984,44.5762939453125,54.387630462646484,45.71536636352539,43.68708801269531,0.40314685619075263,352.3432922363281,0.021936209872364998,3698,3049,11.275202
val,1399.png,19.208538055419922,21.323598861694336,21.330036163330078,12.674345970153809,9.515241622924805,8.139554977416992,0.24207067934831014,73.4802017211914,0.07460027188062668,3294,3059,10.076346
val,1447.png,40.46269989013672,39.20920181274414,32.111846923828125,31.101911544799805,29.73939323425293,27.031497955322266,0.25951405508489883,5856.14599609375,0.646651566028595,2957,2814,8.320998
val,1456.png,48.71847152709961,47.55659484863281,39.81745529174805,41.728363037109375,40.26169967651367,35.90557861328125,0.23417423386484543,11688.29296875,0.7256244421005249,2957,2813,8.318041
val,1457.png,98.84146118164062,80.15926361083984,64.48545837402344,46.51165771484375,37.13273620605469,29.942834854125977,0.33302005197270584,564.8801879882812,0.07975620776414871,3070,2810,8.6267
val,1530.png,56.1563835144043,45.89780807495117,38.30839538574219,32.129981994628906,29.026357650756836,27.657169342041016,0.3428425603894213,515.6328735351562,0.0987914502620697,3237,3219,10.419903
val,1929.png,41.60039520263672,34.66171646118164,25.769481658935547,32.56940841674805,25.475744247436523,24.134870529174805,0.4299825899097834,181.8430633544922,0.04970719665288925,4979,3183,15.848157
val,20.png,105.19584655761719,85.84807586669922,74.1452865600586,59.17341232299805,41.38386917114258,30.73702621459961,0.32359556608164064,997.69580078125,0.05473443865776062,3093,2931,9.065583
val,2139.png,44.444488525390625,40.311737060546875,36.892616271972656,56.308589935302734,51.78791809082031,48.539894104003906,0.6006629873145796,415.0127258300781,0.022288205102086067,3134,2992,9.376928
val,2292.png,60.14577865600586,44.05989074707031,34.114322662353516,28.47027015686035,23.29410743713379,20.155948638916016,0.48272273020305717,579.0325317382812,0.056725118309259415,3596,2726,9.802696
val,2293.png,50.374263763427734,40.841156005859375,35.92905044555664,40.0134391784668,31.92759895324707,26.42316436767578,0.3384871877668354,453.11053466796875,0.0765124037861824,3597,2726,9.805422
val,2308.png,57.009002685546875,44.71186447143555,40.534423828125,39.860965728759766,32.962154388427734,28.799718856811523,0.28718752071893777,97.21602630615234,0.038485508412122726,7204,5458,39.319432
val,2384.png,52.347991943359375,43.94296646118164,36.67997741699219,40.481021881103516,34.8880500793457,32.0372200012207,0.31690593065517686,694.9193725585938,0.07424154877662659,1369,1334,1.826246
val,2391.png,97.81401062011719,78.59584045410156,65.07249450683594,43.202415466308594,36.49234390258789,32.09416580200195,0.3378279230347152,109.62421417236328,0.03982557728886604,7072,5932,41.951104
val,2460.png,48.3975715637207,39.695091247558594,31.115867614746094,18.372699737548828,13.91674518585205,11.488426208496094,0.3428761571158995,48.93806457519531,0.019831601530313492,1596,1598,2.550408
val,2470.png,90.39350891113281,73.30708312988281,60.9887580871582,52.023983001708984,50.236690521240234,49.99715805053711,0.3892861888510027,125.28986358642578,0.002794578205794096,3193,3196,10.204828
val,2472.png,71.11226654052734,55.65263366699219,45.005916595458984,30.610897064208984,29.507631301879883,29.26624870300293,0.4023875050546048,115.76226806640625,0.008935847319662571,3193,3196,10.204828
val,2543.png,89.31095886230469,74.70089721679688,62.88080596923828,54.90903091430664,48.10066223144531,42.84836959838867,0.3686103777146393,586.6697387695312,0.01486288569867611,2912,2428,7.070336
val,31.png,121.7858657836914,94.35240936279297,75.8842544555664,44.19359588623047,31.58647346496582,24.463764190673828,0.372646913919803,596.6353759765625,0.06434658169746399,3094,2932,9.071608
