stat,train_median,val_median,train_mean,val_mean,cohens_d_val_minus_train,mannwhitney_p,n_train,n_val
sharpness_lapvar,255.63208770751953,425.76502990722656,356.06128215789795,1131.391318581321,0.40218928479332433,0.42759969835050904,20,22
std_R,34.315141677856445,40.247230529785156,35.15363788604736,40.15188316865401,0.37579267595820537,0.1406749754134035,20,22
std_G,30.5470609664917,32.4448766708374,30.530009603500368,34.36399134722623,0.30216024728436247,0.29595417216656883,20,22
megapixels,9.8723825,9.224267999999999,10.166149899999999,11.737665909090909,0.21710007700866005,0.38482811859395094,20,22
std_B,29.30815601348877,29.051694869995117,28.498873376846312,31.0922550721602,0.20364374579552466,0.6594117874924867,20,22
hf_energy,0.06936781853437424,0.052220817655324936,0.07609728502575308,0.10554092964792455,0.19770580151431066,0.42759969835050904,20,22
mean_B,42.98127555847168,42.55535888671875,45.93117094039917,49.37585015730424,0.18666070458682588,0.6777458230403889,20,22
mean_G,52.729318618774414,51.6046142578125,54.84443035125732,58.44340627843683,0.183810045468575,0.7529105691547924,20,22
mean_R,67.99116897583008,63.75267219543457,66.9115177154541,69.82918340509588,0.12470570690595134,0.9698659091539126,20,22
height,2965.5,2911.5,2969.55,3048.681818181818,0.10926760970177989,0.6684277428835386,20,22
width,3238.0,3114.0,3405.6,3451.0454545454545,0.042057700154637126,0.28435226512853595,20,22
saturation,0.35989522687454245,0.3381575554007753,0.3449543697038694,0.3416879055766223,-0.034105071263330226,0.6412801123017254,20,22
