epoch,time,train/box_loss,train/cls_loss,train/dfl_loss,metrics/precision(B),metrics/recall(B),metrics/mAP50(B),metrics/mAP50-95(B),val/box_loss,val/cls_loss,val/dfl_loss,lr/pg0,lr/pg1,lr/pg2
1,49.9389,2.49097,8.6188,1.40518,0.00324,0.01062,0.00012,3e-05,4.12979,4.66177,1.2684,0.000821705,0.000821705,0.0926047
2,75.9997,2.17296,3.86184,1.24519,0.00618,0.03112,0.0007,0.00016,3.73394,3.83214,1.06192,0.00165066,0.00165066,0.0850615
3,102.197,1.98884,3.02781,1.14037,0.00765,0.02928,0.0006,0.00015,3.70127,4.21479,1.05193,0.00247129,0.00247129,0.07751
4,128.946,2.01102,2.92462,1.12686,0.01144,0.02668,0.00103,0.00031,3.65862,4.20005,1.03988,0.00328358,0.00328358,0.0699503
5,156.718,1.99896,2.75166,1.13582,0.0132,0.03297,0.00175,0.00054,3.63175,4.21316,1.00152,0.00408755,0.00408755,0.0623821
6,184.2,1.9922,2.76326,1.11671,0.00758,0.01682,0.00031,9e-05,3.74764,4.6672,1.0522,0.00488319,0.00488319,0.0548057
7,211.28,1.92193,2.70604,1.09076,0.00753,0.02405,0.00115,0.00032,3.68453,4.10599,1.0188,0.00567049,0.00567049,0.0472209
8,238.743,2.01643,2.60513,1.13813,0.00642,0.02345,0.00104,0.00031,3.86514,4.19875,1.0952,0.00644947,0.00644947,0.0396278
9,266.062,1.98396,2.6162,1.10291,0.00506,0.01811,0.00068,0.00024,4.06302,4.67262,1.13872,0.00722012,0.00722012,0.0320263
10,293.354,1.96928,2.60503,1.10498,0.0043,0.02214,0.00027,7e-05,3.86555,4.4805,1.12269,0.00798243,0.00798243,0.0244165
11,320.684,2.02123,2.48533,1.1197,0.00749,0.01979,0.00056,0.00013,3.83474,4.6349,1.04698,0.00873642,0.00873642,0.0167984
12,347.94,2.07327,2.79305,1.1107,0.00735,0.03263,0.00064,0.00014,3.7901,4.35131,1.04338,0.00943811,0.00943811,0.00959315
13,375.38,2.04778,2.62818,1.15935,0.00923,0.01725,0.00052,0.00015,3.9494,4.43312,1.11173,0.00940302,0.00940302,0.00940302
14,402.949,2.00699,2.62575,1.12572,0.00963,0.02616,0.0006,0.00013,3.87276,4.18346,1.0823,0.00935327,0.00935327,0.00935327
15,430.489,2.04393,2.59165,1.1127,0.00146,0.00525,1e-05,1e-05,4.54484,5.11404,1.38336,0.00930352,0.00930352,0.00930352
16,457.691,2.0404,2.60632,1.13556,0.00463,0.01743,0.00035,0.00011,4.06497,4.46999,1.16707,0.00925377,0.00925377,0.00925377
17,485.014,2.06445,2.57944,1.14996,0.01029,0.02091,0.00032,0.00011,3.98017,4.58173,1.11304,0.00920402,0.00920402,0.00920402
18,512.382,2.01182,2.55001,1.13175,0.00564,0.02654,0.00034,9e-05,3.79567,4.53252,1.02611,0.00915427,0.00915427,0.00915427
19,539.702,1.99828,2.42687,1.11682,0.00694,0.0184,0.00031,7e-05,3.95826,4.89242,1.08037,0.00910452,0.00910452,0.00910452
20,566.721,1.95945,2.33641,1.09915,0.02896,0.03346,0.00182,0.00096,3.81249,4.37742,1.03134,0.00905477,0.00905477,0.00905477
21,593.75,1.97448,2.23268,1.09831,0.00524,0.02379,0.00035,0.00011,3.84486,4.56574,1.07426,0.00900503,0.00900503,0.00900503
22,620.668,1.94167,2.28286,1.09459,0.00535,0.0186,0.00024,5e-05,4.01221,4.99406,1.14734,0.00895528,0.00895528,0.00895528
23,647.715,1.97666,2.21926,1.08343,0.00652,0.01429,0.00036,7e-05,4.17185,4.95763,1.08764,0.00890553,0.00890553,0.00890553
24,674.787,1.90951,2.17901,1.09187,0.0039,0.01473,0.00021,5e-05,3.96512,4.54269,1.11259,0.00885578,0.00885578,0.00885578
25,701.796,1.94428,2.1112,1.10836,0.01702,0.02476,0.00072,0.00023,3.77247,4.70457,1.0492,0.00880603,0.00880603,0.00880603
26,728.866,1.91668,2.11531,1.08467,0.00704,0.02685,0.00047,0.00021,4.10699,4.63509,1.15767,0.00875628,0.00875628,0.00875628
27,756.134,1.92589,2.07021,1.07526,0.00361,0.01396,0.00025,5e-05,4.25282,4.58294,1.14091,0.00870653,0.00870653,0.00870653
28,783.322,1.90956,2.0114,1.07647,0.00745,0.02995,0.00156,0.00058,3.71591,4.57509,1.00742,0.00865678,0.00865678,0.00865678
29,810.467,1.87938,1.91896,1.07033,0.00823,0.03119,0.00084,0.00033,4.01392,4.96037,1.10471,0.00860704,0.00860704,0.00860704
30,837.666,1.83618,1.90434,1.05758,0.00721,0.02384,0.00056,0.00012,3.87,4.91536,1.04986,0.00855729,0.00855729,0.00855729
31,864.626,1.81017,1.91416,1.05116,0.00893,0.02617,0.0006,0.00018,3.60951,4.46017,0.99503,0.00850754,0.00850754,0.00850754
32,891.658,1.82215,1.81772,1.07294,0.00733,0.01734,0.00047,0.00012,3.63966,4.9015,0.98777,0.00845779,0.00845779,0.00845779
33,918.7,1.77866,1.74153,1.04632,0.00504,0.01874,0.00077,0.00034,3.67726,4.79192,1.02507,0.00840804,0.00840804,0.00840804
34,945.573,1.82374,1.79397,1.05695,0.00627,0.02512,0.00035,8e-05,3.7735,4.82989,1.04519,0.00835829,0.00835829,0.00835829
35,972.485,1.74794,1.73281,1.06269,0.00761,0.02832,0.00053,0.0001,3.8677,4.59851,1.05471,0.00830854,0.00830854,0.00830854
36,999.458,1.79075,1.7336,1.04489,0.01059,0.04248,0.00126,0.0004,3.6939,4.88685,0.99527,0.00825879,0.00825879,0.00825879
37,1026.38,1.75917,1.68455,1.04797,0.0145,0.02219,0.00105,0.00026,3.59254,4.90321,0.96274,0.00820905,0.00820905,0.00820905
38,1053.3,1.73496,1.62945,1.02134,0.01012,0.02916,0.00138,0.00045,3.58352,4.5206,0.96839,0.0081593,0.0081593,0.0081593
39,1080.15,1.70332,1.56433,1.0397,0.00865,0.03546,0.00103,0.00028,3.65486,4.41073,0.96809,0.00810955,0.00810955,0.00810955
40,1107.08,1.71344,1.55307,1.01844,0.00986,0.04531,0.00159,0.00051,3.70913,4.76772,0.99048,0.0080598,0.0080598,0.0080598
41,1134.02,1.69661,1.55606,1.01819,0.01202,0.03238,0.00122,0.00042,3.72406,4.80132,0.99729,0.00801005,0.00801005,0.00801005
42,1160.94,1.65546,1.50069,1.01933,0.00936,0.03111,0.00197,0.00032,3.56581,4.71699,0.98065,0.0079603,0.0079603,0.0079603
43,1187.77,1.66276,1.5477,1.00784,0.00517,0.0135,0.00078,0.00018,3.76523,5.07206,1.04092,0.00791055,0.00791055,0.00791055
44,1214.52,1.67736,1.45035,1.0159,0.0096,0.022,0.00052,0.00012,3.65493,4.89178,0.99282,0.0078608,0.0078608,0.0078608
45,1241.36,1.65051,1.42826,0.99745,0.00665,0.01472,0.00036,0.0001,3.70355,5.20971,1.00803,0.00781106,0.00781106,0.00781106
46,1268.13,1.61826,1.39218,1.00661,0.00619,0.02038,0.00093,0.00023,3.6878,4.90192,0.97424,0.00776131,0.00776131,0.00776131
47,1295.14,1.63334,1.4039,0.99123,0.00803,0.02413,0.0007,0.00019,3.64645,5.09795,0.96445,0.00771156,0.00771156,0.00771156
48,1322.13,1.6066,1.32298,0.99804,0.00861,0.02197,0.00109,0.00026,3.64221,5.28993,0.99974,0.00766181,0.00766181,0.00766181
49,1349.18,1.58375,1.31475,1.00448,0.01004,0.03161,0.00091,0.00022,3.58623,4.60667,0.97546,0.00761206,0.00761206,0.00761206
50,1376.16,1.5796,1.33284,0.99038,0.00942,0.03415,0.00108,0.00027,3.52425,4.67572,0.9704,0.00756231,0.00756231,0.00756231
51,1403.18,1.60884,1.32912,0.98814,0.00818,0.0279,0.001,0.00023,3.64473,4.88421,0.99421,0.00751256,0.00751256,0.00751256
52,1430.2,1.53707,1.25865,0.98213,0.00821,0.02068,0.00078,0.00018,3.57102,5.25904,0.97839,0.00746281,0.00746281,0.00746281
53,1457.11,1.53605,1.23643,0.97319,0.00635,0.01448,0.00053,0.00014,3.68332,5.32368,1.01144,0.00741307,0.00741307,0.00741307
54,1483.98,1.53169,1.22881,0.95199,0.00905,0.01941,0.00104,0.00032,3.57646,5.27138,0.9665,0.00736332,0.00736332,0.00736332
55,1510.91,1.50374,1.18971,0.9747,0.00548,0.01768,0.00052,9e-05,3.70428,5.05275,1.00707,0.00731357,0.00731357,0.00731357
56,1537.97,1.54201,1.21129,0.97948,0.00709,0.01984,0.00069,0.00015,3.69995,4.95222,0.99618,0.00726382,0.00726382,0.00726382
57,1565.12,1.53874,1.16223,0.97363,0.00725,0.0213,0.00057,0.00014,3.61689,4.83867,0.99837,0.00721407,0.00721407,0.00721407
58,1592.12,1.52101,1.21256,0.96798,0.00922,0.0293,0.00094,0.00024,3.67371,5.05799,0.99076,0.00716432,0.00716432,0.00716432
59,1619.17,1.47884,1.15692,0.95942,0.00955,0.03313,0.00181,0.00031,3.61655,5.09375,0.96851,0.00711457,0.00711457,0.00711457
60,1646.07,1.5183,1.13565,0.9579,0.00969,0.02807,0.0008,0.00017,3.66875,5.11275,0.99277,0.00706482,0.00706482,0.00706482
61,1672.95,1.49414,1.13238,0.94952,0.00772,0.01162,0.00045,0.00014,3.76687,5.61118,1.00681,0.00701508,0.00701508,0.00701508
62,1699.74,1.43604,1.08739,0.95028,0.01121,0.02129,0.00086,0.00025,3.68206,5.44489,0.97454,0.00696533,0.00696533,0.00696533
63,1726.46,1.45998,1.1152,0.95202,0.00713,0.01835,0.00065,0.00017,3.53637,5.34615,0.97654,0.00691558,0.00691558,0.00691558
64,1753.21,1.44375,1.07272,0.95354,0.00857,0.02254,0.00201,0.00085,3.59065,5.13699,0.97602,0.00686583,0.00686583,0.00686583
65,1780.04,1.4153,1.01653,0.94645,0.00713,0.02147,0.00099,0.0004,3.60622,5.14449,0.99682,0.00681608,0.00681608,0.00681608
66,1806.88,1.42422,1.01413,0.95455,0.00737,0.01246,0.00112,0.00028,3.67112,5.59288,0.97948,0.00676633,0.00676633,0.00676633
67,1833.83,1.40724,1.01507,0.9408,0.01252,0.02563,0.00111,0.00022,3.6938,5.20834,0.98156,0.00671658,0.00671658,0.00671658
68,1860.63,1.44106,1.06636,0.94509,0.00731,0.01546,0.0017,0.00045,3.59205,5.50009,0.96715,0.00666683,0.00666683,0.00666683
69,1887.54,1.43848,1.04671,0.94687,0.01112,0.02788,0.00153,0.00034,3.58228,5.2335,0.96868,0.00661709,0.00661709,0.00661709
70,1914.55,1.41025,1.01943,0.94352,0.00916,0.02819,0.00111,0.00026,3.52777,5.14633,0.94873,0.00656734,0.00656734,0.00656734
71,1941.5,1.38689,1.00645,0.93288,0.00719,0.01745,0.00084,0.00022,3.58085,5.2242,0.96523,0.00651759,0.00651759,0.00651759
72,1968.64,1.38479,0.97332,0.91953,0.00905,0.02128,0.00113,0.00031,3.49615,5.30623,0.96296,0.00646784,0.00646784,0.00646784
73,1995.73,1.3664,0.97389,0.93193,0.00841,0.01659,0.0007,0.00018,3.60065,5.56864,0.98397,0.00641809,0.00641809,0.00641809
74,2022.56,1.36549,0.95859,0.92266,0.0108,0.0399,0.00228,0.0005,3.57225,5.17417,0.97587,0.00636834,0.00636834,0.00636834
75,2049.6,1.35122,0.95781,0.93049,0.02393,0.03576,0.0019,0.0003,3.54603,5.37008,0.95211,0.00631859,0.00631859,0.00631859
76,2076.47,1.34265,0.92549,0.92191,0.017,0.04109,0.00421,0.00059,3.61078,5.53368,0.98114,0.00626884,0.00626884,0.00626884
77,2103.38,1.3162,0.91594,0.92152,0.01012,0.02147,0.00084,0.00021,3.63338,5.40147,0.98952,0.0062191,0.0062191,0.0062191
78,2130.27,1.35309,0.9095,0.90839,0.00928,0.02725,0.00089,0.00033,3.52079,5.34831,0.95661,0.00616935,0.00616935,0.00616935
79,2157.12,1.34039,0.91561,0.92256,0.01046,0.02418,0.00135,0.00048,3.51641,5.26453,0.94044,0.0061196,0.0061196,0.0061196
80,2183.98,1.35842,0.92206,0.91885,0.00827,0.01485,0.00061,0.00021,3.57804,5.72111,0.96754,0.00606985,0.00606985,0.00606985
81,2210.95,1.28813,0.87385,0.90944,0.00809,0.01153,0.00043,0.0001,3.54664,5.84347,0.95635,0.0060201,0.0060201,0.0060201
82,2237.91,1.26154,0.84639,0.90242,0.01619,0.04024,0.0018,0.00046,3.51653,5.57837,0.94224,0.00597035,0.00597035,0.00597035
83,2264.82,1.27947,0.8513,0.90463,0.01294,0.03319,0.00138,0.0004,3.52236,5.64805,0.94678,0.0059206,0.0059206,0.0059206
84,2291.7,1.32099,0.89297,0.90166,0.01204,0.02053,0.00253,0.00077,3.53571,5.73853,0.9617,0.00587085,0.00587085,0.00587085
85,2318.52,1.24145,0.86545,0.8991,0.00777,0.01382,0.00062,0.00021,3.69278,5.84237,0.98957,0.00582111,0.00582111,0.00582111
86,2345.44,1.26213,0.85111,0.90291,0.00617,0.01553,0.0016,0.00043,3.62171,5.54765,0.96257,0.00577136,0.00577136,0.00577136
87,2372.55,1.29945,0.85005,0.90602,0.00978,0.0152,0.00086,0.00027,3.58525,5.715,0.95072,0.00572161,0.00572161,0.00572161
88,2399.41,1.21274,0.81532,0.90091,0.00976,0.0183,0.0015,0.00026,3.58373,5.77614,0.95235,0.00567186,0.00567186,0.00567186
89,2426.39,1.28168,0.86009,0.90007,0.01009,0.01906,0.00059,0.00013,3.54044,5.63539,0.95521,0.00562211,0.00562211,0.00562211
90,2453.2,1.27419,0.85016,0.89852,0.01076,0.0216,0.0015,0.00027,3.55783,5.54078,0.9569,0.00557236,0.00557236,0.00557236
91,2480.12,1.23098,0.80042,0.89773,0.01121,0.02899,0.00126,0.00029,3.55331,5.50317,0.95608,0.00552261,0.00552261,0.00552261
92,2507.09,1.24045,0.80113,0.88675,0.01266,0.03631,0.00167,0.00051,3.56857,5.42961,0.96089,0.00547286,0.00547286,0.00547286
93,2534.1,1.17647,0.75929,0.89176,0.01295,0.01794,0.00135,0.00062,3.66797,5.79551,0.9708,0.00542312,0.00542312,0.00542312
94,2560.83,1.21535,0.78442,0.87614,0.01163,0.02313,0.00106,0.0003,3.55915,5.57671,0.959,0.00537337,0.00537337,0.00537337
95,2587.68,1.21565,0.80638,0.88999,0.01118,0.01586,0.00069,0.00019,3.52621,5.81149,0.95339,0.00532362,0.00532362,0.00532362
96,2614.64,1.21319,0.80555,0.887,0.00491,0.0118,0.0003,7e-05,3.60618,5.81019,0.95433,0.00527387,0.00527387,0.00527387
97,2641.49,1.17777,0.77559,0.88688,0.00909,0.01455,0.0011,0.00041,3.57819,5.72222,0.94396,0.00522412,0.00522412,0.00522412
98,2668.31,1.20468,0.76218,0.88251,0.00975,0.01491,0.00069,0.00024,3.62353,6.00579,0.95769,0.00517437,0.00517437,0.00517437
99,2695.26,1.17566,0.75493,0.88173,0.01002,0.01993,0.00063,0.00014,3.6111,5.69068,0.95563,0.00512462,0.00512462,0.00512462
100,2722.04,1.20808,0.7729,0.88067,0.02052,0.02709,0.00137,0.00035,3.5524,5.71505,0.9477,0.00507487,0.00507487,0.00507487
101,2748.91,1.15823,0.75311,0.87219,0.00763,0.01463,0.00031,8e-05,3.56773,5.9264,0.95718,0.00502513,0.00502513,0.00502513
102,2775.82,1.15139,0.73856,0.8773,0.00964,0.01227,0.00076,0.00031,3.62752,6.03722,0.95514,0.00497538,0.00497538,0.00497538
103,2802.57,1.13444,0.72724,0.86907,0.00899,0.02605,0.00136,0.00044,3.48596,5.83182,0.93375,0.00492563,0.00492563,0.00492563
104,2829.36,1.15672,0.76062,0.88348,0.01019,0.01412,0.00058,0.00015,3.55811,6.04681,0.94766,0.00487588,0.00487588,0.00487588
105,2856.29,1.14307,0.72015,0.87433,0.00709,0.01327,0.00168,0.00026,3.5561,5.82579,0.94118,0.00482613,0.00482613,0.00482613
106,2882.96,1.13402,0.72076,0.86539,0.01398,0.01159,0.00193,0.00067,3.57328,6.18619,0.95754,0.00477638,0.00477638,0.00477638
107,2909.79,1.12339,0.69964,0.87368,0.01533,0.01068,0.0016,0.00054,3.52123,6.28655,0.9273,0.00472663,0.00472663,0.00472663
108,2936.6,1.14297,0.70798,0.86076,0.02397,0.02868,0.0032,0.00085,3.51827,6.12937,0.93359,0.00467688,0.00467688,0.00467688
109,2963.33,1.11267,0.6999,0.86897,0.0261,0.0195,0.0014,0.00033,3.5374,6.39567,0.9512,0.00462714,0.00462714,0.00462714
110,2990.18,1.11399,0.71135,0.86923,0.01931,0.0214,0.00209,0.00073,3.5092,6.06834,0.95187,0.00457739,0.00457739,0.00457739
111,3017,1.06909,0.67346,0.85596,0.01883,0.03402,0.00234,0.00087,3.48912,5.76489,0.94434,0.00452764,0.00452764,0.00452764
112,3043.67,1.12569,0.70863,0.87472,0.01702,0.02754,0.00329,0.00116,3.56545,5.86174,0.9496,0.00447789,0.00447789,0.00447789
113,3070.53,1.09552,0.68164,0.86843,0.02733,0.01973,0.00339,0.001,3.57264,6.33745,0.94249,0.00442814,0.00442814,0.00442814
114,3097.46,1.08009,0.6813,0.85813,0.01182,0.01824,0.00174,0.0007,3.57371,5.93311,0.94335,0.00437839,0.00437839,0.00437839
115,3124.12,1.07665,0.67494,0.86733,0.0177,0.02726,0.0023,0.00075,3.55049,5.89699,0.9329,0.00432864,0.00432864,0.00432864
116,3150.91,1.06541,0.67578,0.86262,0.01212,0.01852,0.00122,0.00052,3.61136,5.87044,0.92756,0.00427889,0.00427889,0.00427889
117,3177.72,1.03667,0.66413,0.85977,0.00773,0.01217,0.00088,0.00029,3.62517,5.94359,0.92277,0.00422915,0.00422915,0.00422915
118,3204.55,1.06477,0.65593,0.85163,0.01079,0.0179,0.00091,0.00016,3.58354,5.87282,0.94145,0.0041794,0.0041794,0.0041794
119,3231.22,1.05697,0.64458,0.84964,0.0114,0.01327,0.00144,0.00051,3.56221,6.26369,0.95803,0.00412965,0.00412965,0.00412965
120,3258.07,1.0519,0.65107,0.85327,0.00909,0.01048,0.001,0.00032,3.55087,6.26806,0.9505,0.0040799,0.0040799,0.0040799
121,3284.88,1.05046,0.66228,0.8564,0.00866,0.01429,0.00106,0.00032,3.53675,6.08534,0.95099,0.00403015,0.00403015,0.00403015
122,3311.57,1.04516,0.66528,0.85481,0.01245,0.01373,0.00201,0.00065,3.56042,6.12919,0.9332,0.0039804,0.0039804,0.0039804
123,3338.48,1.0537,0.65418,0.84702,0.01191,0.01425,0.00108,0.00027,3.54585,6.01435,0.94695,0.00393065,0.00393065,0.00393065
124,3365.41,1.05301,0.64423,0.85488,0.01399,0.01722,0.00173,0.00052,3.56043,5.94278,0.92983,0.0038809,0.0038809,0.0038809
125,3392.2,0.99576,0.62088,0.84631,0.0145,0.01282,0.0021,0.00035,3.56601,6.20404,0.9338,0.00383116,0.00383116,0.00383116
126,3419.05,1.02871,0.61973,0.84273,0.0227,0.03094,0.00257,0.00051,3.52762,6.04108,0.93779,0.00378141,0.00378141,0.00378141
127,3445.87,1.03066,0.64694,0.85142,0.01462,0.01899,0.00187,0.00055,3.50445,6.10356,0.93877,0.00373166,0.00373166,0.00373166
128,3472.86,0.98707,0.6227,0.85175,0.01284,0.01309,0.00119,0.0003,3.5631,6.22921,0.93784,0.00368191,0.00368191,0.00368191
129,3499.9,1.00833,0.62876,0.85163,0.01348,0.00912,0.00111,0.00032,3.56436,6.50174,0.934,0.00363216,0.00363216,0.00363216
130,3526.77,0.99503,0.61458,0.8491,0.01273,0.01559,0.00127,0.00037,3.54365,6.05461,0.92583,0.00358241,0.00358241,0.00358241
131,3553.66,1.01585,0.61803,0.85193,0.01089,0.01437,0.00093,0.00025,3.51905,5.94451,0.92975,0.00353266,0.00353266,0.00353266
132,3580.49,1.02192,0.63888,0.8502,0.01036,0.00806,0.00077,0.00028,3.53547,6.34293,0.93022,0.00348291,0.00348291,0.00348291
133,3607.35,0.96334,0.60516,0.85152,0.01049,0.01346,0.0009,0.00025,3.51805,6.03447,0.92111,0.00343317,0.00343317,0.00343317
134,3634.24,0.98235,0.6101,0.84548,0.01451,0.01215,0.0012,0.00028,3.54544,6.28649,0.94832,0.00338342,0.00338342,0.00338342
135,3661.16,0.97867,0.60062,0.848,0.00946,0.01253,0.00097,0.00024,3.53191,6.21934,0.94088,0.00333367,0.00333367,0.00333367
136,3688.11,0.98944,0.5988,0.84207,0.01256,0.0125,0.00178,0.00064,3.59969,6.14129,0.93317,0.00328392,0.00328392,0.00328392
137,3714.92,0.99774,0.60931,0.84252,0.01138,0.01443,0.00159,0.00058,3.54144,6.18456,0.9399,0.00323417,0.00323417,0.00323417
138,3741.69,0.98956,0.60163,0.83604,0.01157,0.01313,0.00115,0.00027,3.53503,6.18457,0.92682,0.00318442,0.00318442,0.00318442
139,3768.46,0.95936,0.60346,0.8444,0.01183,0.01252,0.00119,0.00023,3.5667,6.09301,0.92147,0.00313467,0.00313467,0.00313467
140,3795.32,0.95929,0.57953,0.83474,0.01208,0.0089,0.00081,0.00016,3.59389,6.28824,0.93274,0.00308492,0.00308492,0.00308492
141,3822.35,0.96324,0.59195,0.83765,0.01434,0.00918,0.001,0.0003,3.60814,6.38796,0.92849,0.00303518,0.00303518,0.00303518
142,3849.26,0.92481,0.56382,0.83252,0.01269,0.01225,0.00171,0.00076,3.57418,6.18857,0.93367,0.00298543,0.00298543,0.00298543
143,3875.97,0.91719,0.57086,0.83771,0.0117,0.00718,0.00083,0.00041,3.59361,6.46426,0.92852,0.00293568,0.00293568,0.00293568
144,3902.83,0.94678,0.58415,0.82798,0.0091,0.00737,0.00071,0.00032,3.58998,6.36876,0.92955,0.00288593,0.00288593,0.00288593
145,3929.79,0.89327,0.54226,0.83891,0.0194,0.01588,0.0018,0.00075,3.58237,6.26708,0.92154,0.00283618,0.00283618,0.00283618
146,3956.59,0.87579,0.54624,0.83109,0.01158,0.01649,0.00121,0.0002,3.62407,6.20984,0.9159,0.00278643,0.00278643,0.00278643
147,3983.38,0.94538,0.55961,0.83533,0.00891,0.01346,0.00105,0.00027,3.60132,6.13198,0.92287,0.00273668,0.00273668,0.00273668
148,4010.22,0.9046,0.55959,0.83307,0.01104,0.01307,0.00153,0.00049,3.51267,6.31537,0.92696,0.00268693,0.00268693,0.00268693
149,4037.04,0.9025,0.55357,0.83129,0.01679,0.02493,0.00243,0.00095,3.55475,6.19463,0.93041,0.00263719,0.00263719,0.00263719
150,4063.75,0.91993,0.55549,0.82704,0.01191,0.01125,0.00146,0.00047,3.57668,6.29463,0.92165,0.00258744,0.00258744,0.00258744
151,4090.64,0.92083,0.56636,0.83294,0.01162,0.01142,0.00123,0.00035,3.60792,6.16618,0.91735,0.00253769,0.00253769,0.00253769
152,4117.41,0.89139,0.54578,0.82788,0.01048,0.00961,0.00088,0.00022,3.64402,6.33083,0.92856,0.00248794,0.00248794,0.00248794
153,4144.33,0.87617,0.54268,0.83266,0.011,0.01175,0.00124,0.00047,3.62471,6.19655,0.92067,0.00243819,0.00243819,0.00243819
154,4171.19,0.85569,0.52548,0.82455,0.0144,0.01146,0.00206,0.00075,3.61068,6.35742,0.91945,0.00238844,0.00238844,0.00238844
155,4198.02,0.88029,0.54328,0.83089,0.01342,0.0109,0.00201,0.00067,3.63326,6.37467,0.92928,0.00233869,0.00233869,0.00233869
156,4224.75,0.8747,0.55285,0.82415,0.01908,0.00793,0.00147,0.00058,3.65162,6.61744,0.93525,0.00228894,0.00228894,0.00228894
157,4251.65,0.86465,0.52633,0.82269,0.01464,0.00618,0.00082,0.00025,3.62209,6.59214,0.9298,0.0022392,0.0022392,0.0022392
158,4278.6,0.8724,0.53152,0.82828,0.01488,0.00982,0.00061,0.00015,3.6053,6.59913,0.93631,0.00218945,0.00218945,0.00218945
159,4305.42,0.84127,0.52456,0.82284,0.01185,0.01376,0.00093,0.00022,3.55087,6.2599,0.92089,0.0021397,0.0021397,0.0021397
160,4333.75,0.81892,0.50224,0.82662,0.01402,0.01541,0.00091,0.00024,3.5357,6.13991,0.91667,0.00208995,0.00208995,0.00208995
161,4360.54,0.81629,0.49487,0.82622,0.01669,0.0104,0.00066,0.00018,3.57855,6.53824,0.92145,0.0020402,0.0020402,0.0020402
162,4387.16,0.84234,0.50783,0.82351,0.01443,0.01115,0.00057,0.00016,3.59407,6.32949,0.90871,0.00199045,0.00199045,0.00199045
163,4413.8,0.84017,0.50612,0.8342,0.01759,0.01006,0.00078,0.00017,3.58246,6.50733,0.91184,0.0019407,0.0019407,0.0019407
164,4440.59,0.82739,0.51183,0.82197,0.01358,0.00818,0.00058,0.00012,3.59004,6.60719,0.92269,0.00189095,0.00189095,0.00189095
165,4467.26,0.81176,0.49161,0.82681,0.01484,0.00612,0.00041,0.0001,3.58481,6.64085,0.91618,0.00184121,0.00184121,0.00184121
166,4493.93,0.81624,0.49602,0.82471,0.01324,0.00912,0.00053,0.00011,3.59063,6.53126,0.91558,0.00179146,0.00179146,0.00179146
167,4520.54,0.80887,0.48484,0.82358,0.02124,0.00422,0.00038,8e-05,3.64123,6.97541,0.92473,0.00174171,0.00174171,0.00174171
168,4547.28,0.77389,0.47325,0.82477,0.01664,0.00587,0.00032,7e-05,3.60095,6.76133,0.91596,0.00169196,0.00169196,0.00169196
169,4574.02,0.79271,0.47943,0.81942,0.01552,0.00668,0.00041,0.00011,3.59329,6.75023,0.91676,0.00164221,0.00164221,0.00164221
170,4600.75,0.79082,0.48118,0.82204,0.01767,0.00628,0.00072,0.00015,3.61862,6.83326,0.90968,0.00159246,0.00159246,0.00159246
171,4627.51,0.78933,0.47631,0.81881,0.01704,0.00753,0.00071,0.00015,3.63261,6.72109,0.91655,0.00154271,0.00154271,0.00154271
172,4654.29,0.749,0.46058,0.82326,0.01108,0.0092,0.00054,0.00014,3.59804,6.61808,0.91209,0.00149296,0.00149296,0.00149296
173,4681.05,0.76471,0.46831,0.82403,0.00935,0.00791,0.00065,0.00016,3.62998,6.58888,0.91601,0.00144322,0.00144322,0.00144322
174,4707.73,0.77108,0.46925,0.81536,0.01648,0.00722,0.00061,0.00018,3.6337,6.66629,0.91077,0.00139347,0.00139347,0.00139347
175,4734.5,0.78907,0.47485,0.81556,0.01707,0.00747,0.00093,0.00033,3.6146,6.69362,0.9068,0.00134372,0.00134372,0.00134372
176,4761.18,0.77375,0.48084,0.82501,0.02077,0.00687,0.00134,0.00064,3.64137,6.77471,0.91082,0.00129397,0.00129397,0.00129397
177,4787.78,0.73886,0.44696,0.81359,0.01792,0.00381,0.0003,0.00012,3.63826,6.94184,0.91303,0.00124422,0.00124422,0.00124422
178,4814.48,0.74238,0.46284,0.80973,0.01414,0.00391,0.00037,0.00012,3.61515,6.88122,0.9068,0.00119447,0.00119447,0.00119447
179,4841.15,0.71347,0.44099,0.81131,0.01159,0.00366,0.00048,0.00021,3.61994,6.85584,0.90238,0.00114472,0.00114472,0.00114472
180,4867.89,0.73725,0.44733,0.81094,0.01462,0.00456,0.00034,0.00013,3.62747,6.82454,0.9042,0.00109497,0.00109497,0.00109497
181,4894.45,0.74199,0.45617,0.8144,0.01278,0.00431,0.00046,0.00021,3.65207,6.82741,0.90488,0.00104523,0.00104523,0.00104523
182,4921.05,0.73901,0.45505,0.81081,0.01656,0.00422,0.00035,9e-05,3.64051,6.93103,0.90748,0.000995477,0.000995477,0.000995477
183,4947.69,0.73546,0.4503,0.80995,0.02482,0.00612,0.0006,0.00019,3.6358,6.85314,0.8981,0.000945729,0.000945729,0.000945729
184,4974.37,0.72618,0.44629,0.81267,0.01158,0.00441,0.00035,0.00011,3.60837,6.87911,0.90073,0.00089598,0.00089598,0.00089598
185,5000.85,0.70247,0.43556,0.81461,0.01381,0.00481,0.00034,8e-05,3.61119,6.85615,0.90107,0.000846231,0.000846231,0.000846231
186,5027.47,0.71983,0.44873,0.80767,0.01512,0.00637,0.00055,0.00014,3.61555,6.7753,0.89923,0.000796482,0.000796482,0.000796482
187,5054.18,0.72244,0.43959,0.81378,0.01355,0.00481,0.00034,0.0001,3.62999,6.88394,0.9029,0.000746734,0.000746734,0.000746734
188,5080.78,0.70875,0.43714,0.80579,0.01601,0.00531,0.00044,0.0001,3.60382,6.89436,0.89876,0.000696985,0.000696985,0.000696985
189,5107.34,0.69612,0.43404,0.808,0.01257,0.00391,0.00032,9e-05,3.62884,6.93951,0.89642,0.000647236,0.000647236,0.000647236
190,5134.04,0.71392,0.4452,0.80738,0.01468,0.00416,0.00032,7e-05,3.64728,7.01925,0.89825,0.000597487,0.000597487,0.000597487
191,5160.71,0.72862,0.45826,0.80678,0.00897,0.00525,0.00053,0.00011,3.63321,6.89174,0.90239,0.000547739,0.000547739,0.000547739
192,5187.35,0.70299,0.43172,0.80446,0.00811,0.005,0.00044,9e-05,3.62168,6.87818,0.90395,0.00049799,0.00049799,0.00049799
193,5213.95,0.69491,0.42869,0.8085,0.00833,0.005,0.00062,0.00011,3.6323,6.89269,0.90223,0.000448241,0.000448241,0.000448241
194,5240.62,0.66608,0.41637,0.80658,0.00791,0.005,0.00056,0.0001,3.64783,6.8996,0.90536,0.000398492,0.000398492,0.000398492
195,5267.28,0.66605,0.4219,0.805,0.01266,0.00541,0.00068,0.00012,3.65704,6.92351,0.90652,0.000348744,0.000348744,0.000348744
196,5293.89,0.67767,0.41547,0.80703,0.01377,0.00566,0.0007,0.00013,3.64257,6.94099,0.90986,0.000298995,0.000298995,0.000298995
197,5320.52,0.67583,0.42758,0.80735,0.01286,0.00591,0.00068,0.00012,3.63294,6.87732,0.90731,0.000249246,0.000249246,0.000249246
198,5347.19,0.67033,0.41496,0.80105,0.01361,0.00541,0.00074,0.00014,3.63406,6.91133,0.90643,0.000199497,0.000199497,0.000199497
199,5373.78,0.67552,0.42289,0.80234,0.01236,0.00541,0.00068,0.00014,3.62858,6.88788,0.90395,0.000149749,0.000149749,0.000149749
