mode,subset,cls,class_name,n_gt,n_correct,accuracy,n_predicted,precision
pool,all,0,Cargo Truck,800,446,0.5575,663,0.6726998491704375
pool,all,1,Truck w/Box,493,271,0.5496957403651116,560,0.48392857142857143
pool,all,2,Truck w/Flatbed,122,47,0.38524590163934425,155,0.3032258064516129
pool,all,3,Truck Tractor,117,31,0.26495726495726496,138,0.2246376811594203
pool,all,4,Truck w/Liquid,20,3,0.15,36,0.08333333333333333
pool,unflagged,0,Cargo Truck,721,394,0.5464632454923717,600,0.6566666666666666
pool,unflagged,1,Truck w/Box,481,268,0.5571725571725572,538,0.49814126394052044
pool,unflagged,2,Truck w/Flatbed,114,46,0.40350877192982454,144,0.3194444444444444
pool,unflagged,3,Truck Tractor,94,24,0.2553191489361702,116,0.20689655172413793
pool,unflagged,4,Truck w/Liquid,18,3,0.16666666666666666,30,0.1
pool,flagged,0,Cargo Truck,79,52,0.6582278481012658,63,0.8253968253968254
pool,flagged,1,Truck w/Box,12,3,0.25,22,0.13636363636363635
pool,flagged,2,Truck w/Flatbed,8,1,0.125,11,0.09090909090909091
pool,flagged,3,Truck Tractor,23,7,0.30434782608695654,22,0.3181818181818182
pool,flagged,4,Truck w/Liquid,2,0,0.0,6,0.0
best,all,0,Cargo Truck,800,464,0.58,725,0.64
best,all,1,Truck w/Box,493,228,0.46247464503042596,463,0.4924406047516199
best,all,2,Truck w/Flatbed,122,36,0.29508196721311475,130,0.27692307692307694
best,all,3,Truck Tractor,117,31,0.26495726495726496,149,0.2080536912751678
best,all,4,Truck w/Liquid,20,3,0.15,85,0.03529411764705882
best,unflagged,0,Cargo Truck,721,412,0.5714285714285714,662,0.622356495468278
best,unflagged,1,Truck w/Box,481,225,0.4677754677754678,441,0.5102040816326531
best,unflagged,2,Truck w/Flatbed,114,35,0.30701754385964913,119,0.29411764705882354
best,unflagged,3,Truck Tractor,94,24,0.2553191489361702,127,0.1889763779527559
best,unflagged,4,Truck w/Liquid,18,3,0.16666666666666666,79,0.0379746835443038
best,flagged,0,Cargo Truck,79,52,0.6582278481012658,63,0.8253968253968254
best,flagged,1,Truck w/Box,12,3,0.25,22,0.13636363636363635
best,flagged,2,Truck w/Flatbed,8,1,0.125,11,0.09090909090909091
best,flagged,3,Truck Tractor,23,7,0.30434782608695654,22,0.3181818181818182
best,flagged,4,Truck w/Liquid,2,0,0.0,6,0.0
