,,w_px,w_px,w_px,w_px,w_px,w_px,w_px,w_px,w_px,w_px,h_px,h_px,h_px,h_px,h_px,h_px,h_px,h_px,h_px,h_px,sqrt_area_px,sqrt_area_px,sqrt_area_px,sqrt_area_px,sqrt_area_px,sqrt_area_px,sqrt_area_px,sqrt_area_px,sqrt_area_px,sqrt_area_px,aspect_w_over_h,aspect_w_over_h,aspect_w_over_h,aspect_w_over_h,aspect_w_over_h,aspect_w_over_h,aspect_w_over_h,aspect_w_over_h,aspect_w_over_h,aspect_w_over_h
,,count,mean,std,min,5%,25%,50%,75%,95%,max,count,mean,std,min,5%,25%,50%,75%,95%,max,count,mean,std,min,5%,25%,50%,75%,95%,max,count,mean,std,min,5%,25%,50%,75%,95%,max
split,class_name,,,,,,,,,,,,,,,,,,,,,,,,,,,,,,,,,,,,,,,,
train,Cargo Truck,3773.0,22.44,11.44,3.0,9.0,15.0,20.0,27.0,44.0,161.0,3773.0,19.71,10.09,3.0,8.0,13.0,18.0,23.0,41.0,100.0,3773.0,20.12,8.01,5.0,10.58,14.49,18.49,23.92,35.38,126.89,3773.0,1.36,0.85,0.16,0.44,0.71,1.11,1.86,2.9,11.0
train,Truck Tractor,625.0,21.69,11.74,3.0,10.0,13.0,18.0,28.0,43.0,71.0,625.0,20.53,9.94,7.0,9.0,14.0,18.0,25.0,42.0,63.0,625.0,20.12,7.69,5.29,10.63,15.43,18.65,21.91,38.16,48.84,625.0,1.23,0.75,0.22,0.41,0.65,1.0,1.69,2.62,5.73
train,Truck w/Box,2366.0,37.4,18.87,4.0,12.0,22.0,33.0,53.0,69.0,106.0,2366.0,32.04,15.34,2.0,11.0,20.0,29.0,45.0,58.0,157.0,2366.0,32.01,10.41,6.32,16.12,24.37,31.46,39.53,48.78,129.0,2366.0,1.58,1.27,0.1,0.28,0.59,1.18,2.3,4.1,10.0
train,Truck w/Flatbed,662.0,30.91,16.45,7.0,11.0,17.0,27.0,41.0,61.0,90.0,662.0,27.5,14.11,6.0,10.0,16.0,23.5,37.0,54.0,70.0,662.0,27.3,10.47,7.48,13.42,19.8,25.92,33.25,46.98,63.34,662.0,1.45,1.08,0.19,0.32,0.63,1.1,1.9,3.67,6.11
train,Truck w/Liquid,192.0,28.89,14.76,4.0,9.0,19.0,26.5,36.0,56.45,84.0,192.0,26.61,12.92,6.0,10.55,17.0,24.0,33.0,54.0,60.0,192.0,26.23,9.42,4.9,12.52,20.09,25.46,32.0,43.04,58.69,192.0,1.36,1.0,0.24,0.37,0.65,0.93,1.82,3.45,5.6
val,Cargo Truck,800.0,25.63,15.52,2.5,7.47,15.0,22.0,33.0,54.0,158.0,800.0,23.58,13.36,3.5,8.0,14.0,20.0,30.0,50.0,149.0,800.0,23.12,10.41,3.87,8.61,16.12,22.45,28.98,38.52,153.43,800.0,1.33,0.99,0.2,0.37,0.59,1.0,1.85,3.14,7.25
val,Truck Tractor,117.0,27.78,14.12,5.0,7.5,18.0,25.0,40.0,54.0,59.0,117.0,19.52,8.16,7.5,10.0,15.0,19.0,22.0,29.0,54.0,117.0,22.47,8.23,7.07,8.41,17.32,20.98,29.39,35.2,45.89,117.0,1.5,0.71,0.31,0.48,1.0,1.37,2.06,2.61,3.47
val,Truck w/Box,493.0,37.16,18.24,6.0,13.0,24.0,35.0,50.0,62.4,144.0,493.0,32.53,13.92,5.5,11.4,22.0,31.0,42.0,58.0,76.0,493.0,33.29,11.79,9.8,14.55,24.0,33.5,42.14,51.7,73.97,493.0,1.36,0.89,0.24,0.41,0.72,1.13,1.75,3.04,6.63
val,Truck w/Flatbed,122.0,29.93,17.42,5.5,11.0,15.12,26.0,39.75,61.0,78.0,122.0,33.39,13.94,9.0,13.0,21.0,32.5,45.0,54.0,58.0,122.0,28.9,8.41,8.62,14.54,23.52,28.46,34.91,43.19,52.96,122.0,1.27,1.3,0.25,0.28,0.46,0.64,1.9,4.21,5.55
val,Truck w/Liquid,20.0,45.85,29.45,9.0,13.75,23.0,40.0,57.25,104.0,104.0,20.0,38.6,16.54,15.0,15.0,26.25,35.5,51.75,61.35,68.0,20.0,40.23,18.5,13.75,19.21,21.42,41.5,54.7,63.93,84.1,20.0,1.29,0.84,0.4,0.42,0.61,1.0,1.75,2.77,3.33
