split,image,n_boxes
train,102.png,6.0
train,1036.png,7.0
train,1037.png,3.0
train,104.png,3.0
train,1042.png,1.0
train,1044.png,2.0
train,105.png,4.0
train,1050.png,3.0
train,1051.png,1.0
train,1053.png,1.0
train,1056.png,2.0
train,1058.png,121.0
train,1061.png,4.0
train,1065.png,1.0
train,1067.png,8.0
train,1068.png,5.0
train,107.png,32.0
train,1080.png,1.0
train,1081.png,1.0
train,1084.png,2.0
train,1086.png,5.0
train,1089.png,6.0
train,109.png,112.0
train,1090.png,2.0
train,1094.png,51.0
train,1095.png,77.0
train,110.png,12.0
train,1104.png,1.0
train,1106.png,2.0
train,1114.png,10.0
train,1118.png,17.0
train,112.png,231.0
train,1120.png,14.0
train,1121.png,23.0
train,1124.png,12.0
train,1126.png,16.0
train,1127.png,451.0
train,1129.png,18.0
train,1133.png,24.0
train,1140.png,5.0
train,1141.png,9.0
train,1142.png,16.0
train,1154.png,14.0
train,1158.png,1.0
train,1164.png,10.0
train,1165.png,1.0
train,1169.png,6.0
train,1175.png,143.0
train,1178.png,10.0
train,118.png,13.0
train,1182.png,8.0
train,1184.png,2.0
train,1185.png,3.0
train,1192.png,91.0
train,1193.png,6.0
train,1196.png,3.0
train,1197.png,1.0
train,1205.png,63.0
train,1212.png,11.0
train,1217.png,39.0
train,1224.png,2.0
train,1233.png,10.0
train,1244.png,1.0
train,1253.png,4.0
train,1255.png,2.0
train,1256.png,4.0
train,126.png,2.0
train,1268.png,5.0
train,128.png,28.0
train,1284.png,17.0
train,1285.png,2.0
train,130.png,3.0
train,131.png,28.0
train,1329.png,11.0
train,1346.png,11.0
train,1357.png,27.0
train,136.png,18.0
train,1378.png,4.0
train,1385.png,8.0
train,1397.png,1.0
train,140.png,1.0
train,1403.png,8.0
train,1405.png,9.0
train,1406.png,19.0
train,1416.png,2.0
train,1418.png,6.0
train,142.png,3.0
train,1420.png,30.0
train,1422.png,12.0
train,1425.png,33.0
train,1430.png,37.0
train,1432.png,51.0
train,1438.png,3.0
train,144.png,10.0
train,1441.png,10.0
train,1442.png,12.0
train,1444.png,35.0
train,1445.png,7.0
train,1446.png,22.0
train,1449.png,21.0
train,1451.png,8.0
train,1452.png,74.0
train,1454.png,57.0
train,1459.png,85.0
train,1460.png,9.0
train,1462.png,14.0
train,1465.png,58.0
train,1466.png,15.0
train,1468.png,1.0
train,1472.png,2.0
train,1473.png,8.0
train,1478.png,2.0
train,1482.png,1.0
train,1486.png,1.0
train,1496.png,8.0
train,1505.png,9.0
train,1511.png,5.0
train,1523.png,3.0
train,1529.png,8.0
train,1565.png,4.0
train,1568.png,8.0
train,157.png,5.0
train,1580.png,2.0
train,1584.png,3.0
train,1585.png,1.0
train,1586.png,48.0
train,1587.png,6.0
train,1590.png,13.0
train,1593.png,2.0
train,1600.png,1.0
train,1606.png,1.0
train,1608.png,15.0
train,1610.png,27.0
train,1673.png,1.0
train,1675.png,1.0
train,1677.png,1.0
train,1679.png,1.0
train,1690.png,18.0
train,1692.png,4.0
train,1694.png,7.0
train,1695.png,17.0
train,1701.png,22.0
train,1702.png,13.0
train,1703.png,3.0
train,1707.png,1.0
train,1740.png,1.0
train,1788.png,1.0
train,1795.png,1.0
train,18.png,35.0
train,180.png,1.0
train,1806.png,10.0
train,1807.png,1.0
train,1809.png,1.0
train,1815.png,8.0
train,1817.png,10.0
train,1820.png,47.0
train,1823.png,3.0
train,1824.png,22.0
train,1831.png,27.0
train,1832.png,12.0
train,1834.png,3.0
train,1838.png,23.0
train,1840.png,8.0
train,1845.png,17.0
train,1847.png,1.0
train,1848.png,109.0
train,1855.png,2.0
train,1856.png,56.0
train,1858.png,5.0
train,1870.png,4.0
train,1880.png,5.0
train,1881.png,1.0
train,1892.png,1.0
train,1896.png,260.0
train,1898.png,6.0
train,1906.png,7.0
train,1912.png,1.0
train,1922.png,44.0
train,1927.png,6.0
train,1931.png,130.0
train,1932.png,3.0
train,1938.png,0.0
train,1940.png,26.0
train,1945.png,25.0
train,1961.png,1.0
train,1964.png,3.0
train,1980.png,10.0
train,1982.png,11.0
train,1987.png,51.0
train,2004.png,7.0
train,2008.png,42.0
train,2009.png,2.0
train,2010.png,17.0
train,2011.png,25.0
train,2012.png,1.0
train,2014.png,13.0
train,2017.png,19.0
train,2020.png,4.0
train,2021.png,1.0
train,2026.png,12.0
train,2029.png,4.0
train,2031.png,16.0
train,2032.png,7.0
train,2036.png,2.0
train,2042.png,5.0
train,2055.png,4.0
train,2062.png,1.0
train,2064.png,18.0
train,2072.png,6.0
train,2078.png,16.0
train,2124.png,1.0
train,2128.png,3.0
train,2131.png,6.0
train,2142.png,11.0
train,2148.png,26.0
train,2150.png,1.0
train,2160.png,9.0
train,217.png,3.0
train,2181.png,7.0
train,2193.png,8.0
train,2197.png,3.0
train,2207.png,2.0
train,2215.png,3.0
train,2225.png,11.0
train,2230.png,28.0
train,2239.png,3.0
train,2279.png,8.0
train,2281.png,11.0
train,2294.png,19.0
train,2301.png,31.0
train,2303.png,37.0
train,2305.png,52.0
train,2310.png,1.0
train,2313.png,59.0
train,2314.png,15.0
train,2318.png,12.0
train,2320.png,2.0
train,2322.png,114.0
train,2334.png,6.0
train,2341.png,5.0
train,2353.png,12.0
train,2354.png,7.0
train,2355.png,32.0
train,2356.png,19.0
train,2359.png,11.0
train,2361.png,4.0
train,2365.png,2.0
train,2370.png,99.0
train,2371.png,41.0
train,2375.png,5.0
train,2382.png,35.0
train,2386.png,26.0
train,2387.png,9.0
train,2389.png,2.0
train,2399.png,34.0
train,24.png,3.0
train,2400.png,51.0
train,2405.png,1.0
train,2416.png,1.0
train,2421.png,9.0
train,2436.png,1.0
train,2459.png,390.0
train,2475.png,4.0
train,2482.png,30.0
train,2493.png,5.0
train,2497.png,13.0
train,2498.png,3.0
train,2499.png,52.0
train,2505.png,1.0
train,2507.png,5.0
train,2509.png,17.0
train,2510.png,7.0
train,2511.png,22.0
train,2513.png,1.0
train,2514.png,1.0
train,2515.png,4.0
train,2519.png,2.0
train,252.png,48.0
train,2520.png,22.0
train,2521.png,14.0
train,2523.png,3.0
train,2524.png,8.0
train,2530.png,12.0
train,2531.png,3.0
train,2532.png,5.0
train,254.png,41.0
train,2542.png,16.0
train,2544.png,66.0
train,2550.png,24.0
train,2557.png,4.0
train,2560.png,4.0
train,2561.png,67.0
train,2564.png,2.0
train,2567.png,8.0
train,2568.png,41.0
train,2571.png,1.0
train,2574.png,20.0
train,2584.png,9.0
train,2591.png,16.0
train,2599.png,63.0
train,2606.png,13.0
train,2608.png,2.0
train,2609.png,12.0
train,2618.png,53.0
train,2619.png,3.0
train,282.png,17.0
train,283.png,7.0
train,285.png,2.0
train,287.png,3.0
train,289.png,2.0
train,291.png,6.0
train,293.png,1.0
train,295.png,6.0
train,296.png,11.0
train,303.png,2.0
train,309.png,9.0
train,310.png,1.0
train,311.png,35.0
train,315.png,2.0
train,320.png,20.0
train,321.png,47.0
train,322.png,10.0
train,323.png,1.0
train,324.png,1.0
train,325.png,2.0
train,33.png,6.0
train,333.png,1.0
train,342.png,1.0
train,355.png,66.0
train,362.png,21.0
train,372.png,23.0
train,373.png,5.0
train,377.png,5.0
train,379.png,29.0
train,38.png,16.0
train,381.png,1.0
train,389.png,1.0
train,394.png,1.0
train,399.png,9.0
train,40.png,13.0
train,41.png,13.0
train,414.png,3.0
train,418.png,62.0
train,42.png,20.0
train,43.png,1.0
train,432.png,7.0
train,433.png,2.0
train,451.png,4.0
train,46.png,18.0
train,469.png,5.0
train,47.png,14.0
train,481.png,2.0
train,484.png,4.0
train,486.png,1.0
train,488.png,1.0
train,5.png,42.0
train,500.png,2.0
train,506.png,5.0
train,509.png,18.0
train,512.png,3.0
train,513.png,3.0
train,520.png,3.0
train,525.png,48.0
train,53.png,8.0
train,531.png,17.0
train,534.png,1.0
train,535.png,19.0
train,537.png,1.0
train,540.png,7.0
train,546.png,33.0
train,548.png,33.0
train,556.png,11.0
train,557.png,1.0
train,559.png,29.0
train,561.png,13.0
train,562.png,19.0
train,568.png,16.0
train,569.png,12.0
train,574.png,4.0
train,575.png,2.0
train,579.png,17.0
train,584.png,3.0
train,587.png,10.0
train,594.png,10.0
train,598.png,7.0
train,600.png,76.0
train,604.png,1.0
train,609.png,10.0
train,610.png,5.0
train,613.png,5.0
train,614.png,14.0
train,615.png,22.0
train,619.png,1.0
train,621.png,2.0
train,665.png,2.0
train,669.png,6.0
train,711.png,1.0
train,712.png,1.0
train,716.png,2.0
train,72.png,17.0
train,724.png,7.0
train,73.png,37.0
train,74.png,5.0
train,741.png,1.0
train,752.png,1.0
train,756.png,3.0
train,760.png,4.0
train,763.png,3.0
train,764.png,2.0
train,766.png,1.0
train,767.png,1.0
train,772.png,13.0
train,774.png,12.0
train,781.png,13.0
train,788.png,11.0
train,79.png,42.0
train,794.png,1.0
train,825.png,4.0
train,837.png,1.0
train,84.png,2.0
train,847.png,1.0
train,86.png,1.0
train,860.png,3.0
train,862.png,1.0
train,871.png,8.0
train,88.png,12.0
train,880.png,29.0
train,883.png,1.0
train,884.png,3.0
train,885.png,17.0
train,893.png,6.0
train,90.png,2.0
train,903.png,84.0
train,905.png,25.0
train,907.png,8.0
train,91.png,14.0
train,910.png,1.0
train,914.png,2.0
train,926.png,9.0
train,928.png,2.0
train,930.png,1.0
train,97.png,1.0
train,986.png,3.0
val,1181.png,33.0
val,1206.png,97.0
val,1211.png,167.0
val,1362.png,16.0
val,1399.png,28.0
val,1447.png,43.0
val,1456.png,8.0
val,1457.png,13.0
val,1530.png,14.0
val,1929.png,77.0
val,20.png,43.0
val,2139.png,92.0
val,2292.png,30.0
val,2293.png,145.0
val,2308.png,76.0
val,2384.png,90.0
val,2391.png,108.0
val,2460.png,86.0
val,2470.png,153.0
val,2472.png,101.0
val,2543.png,97.0
val,31.png,35.0
