split,image,box_idx,cls,issue,detail
train,1094.png,43,3,tiny_side_lt_4px,3.00x13.00
train,1095.png,2,0,tiny_side_lt_4px,3.00x16.00
train,1154.png,0,1,tiny_side_lt_4px,20.00x2.00
train,128.png,10,0,tiny_side_lt_4px,18.00x4.00
train,1454.png,48,0,tiny_side_lt_4px,20.00x4.00
train,1931.png,67,0,tiny_side_lt_4px,13.00x4.00
train,1931.png,75,1,tiny_side_lt_4px,16.00x4.00
train,2131.png,0,0,tiny_side_lt_4px,13.00x3.00
train,2313.png,57,0,tiny_side_lt_4px,30.00x3.00
train,561.png,8,3,tiny_side_lt_4px,4.00x7.00
val,2384.png,2,0,tiny_side_lt_4px,3.50x7.00
val,2384.png,3,0,tiny_side_lt_4px,3.00x6.50
val,2384.png,4,0,tiny_side_lt_4px,3.00x6.50
val,2384.png,5,0,tiny_side_lt_4px,3.50x8.50
val,2384.png,6,0,tiny_side_lt_4px,3.50x6.50
val,2384.png,7,0,tiny_side_lt_4px,3.50x8.00
val,2384.png,8,0,tiny_side_lt_4px,7.50x3.50
val,2384.png,9,0,tiny_side_lt_4px,2.50x6.50
val,2384.png,10,0,tiny_side_lt_4px,3.00x5.00
val,2384.png,11,0,tiny_side_lt_4px,3.00x5.00
val,2384.png,12,0,tiny_side_lt_4px,3.00x6.00
val,2384.png,15,0,tiny_side_lt_4px,3.50x7.50
val,2384.png,16,0,tiny_side_lt_4px,3.00x6.50
val,2384.png,17,0,tiny_side_lt_4px,4.00x7.00
val,2384.png,18,0,tiny_side_lt_4px,7.00x3.50
val,2384.png,19,0,tiny_side_lt_4px,3.00x8.50
val,2384.png,31,0,tiny_side_lt_4px,3.50x7.50
val,2384.png,32,0,tiny_side_lt_4px,4.00x9.00
val,2384.png,33,0,tiny_side_lt_4px,3.00x8.00
val,2384.png,34,0,tiny_side_lt_4px,4.00x8.00
val,2384.png,35,0,tiny_side_lt_4px,3.50x8.00
val,2384.png,36,0,tiny_side_lt_4px,3.50x8.00
val,2384.png,40,0,tiny_side_lt_4px,3.00x6.50
val,2384.png,41,0,tiny_side_lt_4px,2.50x6.50
val,2384.png,42,0,tiny_side_lt_4px,3.50x6.50
val,2384.png,43,0,tiny_side_lt_4px,3.50x6.00
train,1938.png,-1,-1,empty_image,
