split,width,height,n_images
train,3195,3215,8
train,2960,2814,8
train,3291,3217,7
train,3195,3216,7
train,3193,3196,7
train,3290,3217,7
train,2978,2770,7
train,2975,2770,7
train,2977,2770,6
train,2893,2891,5
train,2978,2771,5
train,2913,2428,5
train,2912,2427,4
train,3194,3196,4
train,2976,2770,4
train,2977,2769,4
train,2941,2908,4
train,3372,2713,4
train,3294,3059,4
train,2739,2667,4
train,2715,2652,4
train,2942,2909,4
train,3175,2626,3
train,2976,2769,3
train,2979,2770,3
train,2979,2771,3
train,2957,2814,3
train,3098,2951,3
train,3920,3017,3
train,3094,2606,3
train,3439,2640,3
train,3313,3142,3
train,2860,2728,3
train,3238,3219,3
train,3294,3058,3
train,3291,3058,3
train,3820,3156,3
train,2859,2728,3
train,3377,2713,3
train,2860,2727,3
train,3331,3275,3
train,3312,3142,3
train,3094,2607,2
train,3308,3204,2
train,3302,2729,2
train,3099,2952,2
train,4137,3275,2
train,3134,2992,2
train,3312,3143,2
train,3093,2931,2
train,3309,3142,2
train,4765,3065,2
train,3070,2811,2
train,3175,2627,2
train,3375,2713,2
train,3175,2801,2
train,3386,3278,2
train,3281,3217,2
train,3386,3277,2
train,4763,3064,2
train,3237,3219,2
train,4765,3064,2
train,3378,2713,2
train,3227,3222,2
train,3228,3222,2
train,3475,3197,2
train,3194,3215,2
train,2913,2427,2
train,2957,2813,2
train,3537,2966,2
train,3596,2725,2
val,2893,2892,2
train,3069,2811,2
train,2912,2428,2
train,3597,2726,2
train,2893,2892,2
train,3913,3148,2
train,3603,2729,2
train,3603,2730,2
train,2872,2726,2
train,2861,2727,2
val,3193,3196,2
train,3697,3048,2
train,2773,2678,2
train,2739,2668,2
train,2716,2652,2
train,3741,2830,2
train,3742,2830,2
train,3537,2965,2
train,3476,3197,2
train,3535,2966,2
train,3069,2810,2
train,2975,2769,2
train,2975,2771,2
train,3320,3228,2
train,2979,2769,2
train,3064,2525,2
train,2978,2769,2
train,4001,2763,1
train,3911,3018,1
train,4136,3275,1
train,3922,3020,1
train,3921,3018,1
train,3819,3156,1
train,4193,3324,1
train,3912,3018,1
train,4196,3323,1
train,3922,3018,1
train,3819,3155,1
train,3923,3019,1
train,3912,3148,1
train,3915,3149,1
train,4006,2767,1
train,4001,2764,1
train,3923,3020,1
train,3995,2767,1
train,4005,2763,1
train,4004,2764,1
train,4003,2764,1
train,3996,2767,1
train,3914,3152,1
train,3913,3149,1
train,4000,2764,1
train,3914,3148,1
train,3913,3151,1
train,3921,3019,1
train,2576,2564,1
train,4197,3324,1
train,4990,3186,1
train,4993,3186,1
train,4993,3187,1
train,4994,3185,1
train,4994,3186,1
train,4994,3187,1
train,5119,3022,1
val,1369,1334,1
val,1596,1598,1
val,2892,2891,1
val,2912,2428,1
val,2957,2813,1
val,2957,2814,1
val,3070,2810,1
val,3093,2931,1
val,3094,2932,1
val,3134,2992,1
val,3237,3219,1
val,3294,3059,1
val,3596,2726,1
val,3597,2726,1
val,3698,3049,1
val,4979,3183,1
val,7072,5932,1
train,4992,3184,1
train,4987,3181,1
train,4199,3324,1
train,4986,3181,1
train,4199,3325,1
train,4760,3063,1
train,4761,3063,1
train,4762,3063,1
train,4762,3064,1
train,4763,3062,1
train,4764,3063,1
train,4764,3064,1
train,4764,3065,1
train,4764,3066,1
train,4766,3064,1
train,4766,3066,1
train,3815,3155,1
train,4768,3066,1
train,4975,3180,1
train,4977,3182,1
train,4980,3183,1
train,4982,3183,1
train,4983,3180,1
train,4984,3182,1
train,4985,3180,1
train,4985,3182,1
train,4985,3183,1
train,3816,3155,1
train,3376,2713,1
train,3815,3154,1
train,2961,2814,1
train,2980,2770,1
train,3059,2524,1
train,3063,2525,1
train,3065,2525,1
train,3070,2810,1
train,3085,2810,1
train,3093,2606,1
train,3093,2932,1
train,3094,2931,1
train,3094,2932,1
train,3098,2952,1
train,3099,2951,1
train,3135,2992,1
train,3175,2802,1
train,3176,2627,1
train,3176,2802,1
train,3194,3216,1
train,3208,2640,1
train,3227,3223,1
train,2977,2771,1
train,2960,2813,1
train,3260,3095,1
train,2959,2814,1
train,2589,2602,1
train,2590,2602,1
train,2715,2653,1
train,2738,2667,1
train,2753,2767,1
train,2772,2678,1
train,2773,2679,1
train,2833,2728,1
train,2859,2727,1
train,2872,2671,1
train,2872,2728,1
train,2892,2891,1
train,2892,2892,1
train,2911,2427,1
train,2912,2426,1
train,2943,2909,1
train,2944,2820,1
train,2945,2820,1
train,2945,2821,1
train,3228,3223,1
train,3261,3096,1
train,3814,3154,1
train,3427,2641,1
train,3431,2643,1
train,3432,2642,1
train,3438,2640,1
train,3475,3196,1
train,3476,3196,1
train,3483,2739,1
train,3483,2740,1
train,3519,3280,1
train,3520,3280,1
train,3535,2965,1
train,3536,2966,1
train,3596,2726,1
train,3598,2727,1
train,3606,2729,1
train,3696,3048,1
train,3697,3049,1
train,3708,2883,1
train,3741,2829,1
train,3743,2830,1
train,3429,2642,1
train,3387,3277,1
train,3267,2850,1
train,3385,3277,1
train,3267,2851,1
train,3281,3216,1
train,3291,3056,1
train,3291,3057,1
train,3291,3218,1
train,3293,3058,1
train,3301,2728,1
train,3302,2728,1
train,3309,3204,1
train,3310,3142,1
train,3332,3276,1
train,3371,2713,1
train,3372,2710,1
train,3372,2712,1
train,3373,2710,1
train,3376,2711,1
train,2589,2601,1
train,3377,2714,1
train,3378,2714,1
val,7204,5458,1
